candidate_id,criterion,evidence,evidence_level,supporting_papers,counterexamples,unknown_burden,assessment,confidence,limitations
GC-01,Literature evidence strength,"Narrowed candidate: resource-driven runtime adaptation for visual inspection on resource-constrained smartphones. 27 in-scope core papers (visual_inspection_scope Yes 20, Unknown 7). resource_awareness Yes 0 / No 4 / Unknown 23; adaptive_inference Yes 0 / No 4 / Unknown 23. Only P011 is a verified smartphone visual-inspection paper, and it is coded No for both runtime fields.","verified_full_text (P011, P015, P016, P020); abstract_only (remaining in-scope records)",P011; P015; P016; P020,"No full counterexample in corpus; P011 partial; P029, P031, P033, P034 outside visual-inspection scope",high,supports_candidate,low,The observation rests on four verified No records and a single verified smartphone visual-inspection paper.
GC-01,Unknown burden,"22 of 27 in-scope records are unresolved for the combination; each runtime field is Unknown for 23 of 27. P001 (smartphone, abstract only) is Unknown for visual inspection and both runtime fields.",abstract_only,P011,P001 (potential),high,weakens_candidate,moderate,"Abstracts rarely state whether inference adapts at runtime, so the Unknowns are not evidence of absence. Resolving P001 to Yes would create a full counterexample."
GC-01,Counterexample risk,"Targeted searches S01–S08 and S17 found no full counterexample. Two researcher-confirmed partial counterexamples show adaptive inference in edge visual inspection: arXiv 2608.14727 (content-driven cascade on a Jetson Nano; adaptive_inference Yes, resource_awareness No under Decision A) and PMC11435656 (confidence-triggered edge-to-cloud escalation on a Raspberry Pi 4; resource_awareness Unknown). Neither runs on a smartphone, and neither establishes resource-driven adaptation.",verified_full_text,arXiv 2603.20288 (static; not a counterexample); PMC12074420 (not inspection),partial: arXiv 2608.14727; PMC11435656. potential: Electronics 15(17):3915 (snippet only),moderate,mixed,low,"The searches were one page per query, access-limited, and designed against the pre-correction wording. The partial counterexamples weaken any broad adaptive-inference claim; the narrowed candidate (resource-driven adaptation on resource-constrained smartphones) is not eliminated by them."
GC-01,Direct PocketInspect alignment,"PROJECT_SPEC.md names hardware/resource monitoring to dynamically adapt inference workloads, the adaptation/ and monitoring/ modules, and Phase 3 (resource adaptation policies).",verified_full_text (project document),"PROJECT_SPEC.md §2, §4, §6",none,not_applicable,supports_candidate,high,Alignment with the project is not evidence about the literature.
GC-01,Research feasibility,"Requires an Android phone, lightweight inspection models (e.g. MobileNet-class) and a runtime controller. Smartphone runtime-adaptation methods outside inspection (P029, P033, P034) show the mechanism is implementable on phones.","verified_full_text (P029, P033, P034)",P029; P033; P034,none,not_applicable,feasible_with_conditions,moderate,Assumes access to at least one Android device and no heavy model training without approval (AGENTS.md). Device diversity is limited.
GC-01,Smartphone measurability,"Latency, CPU/GPU load, memory, battery level and thermal status are exposed by Android APIs (e.g. thermal status, BatteryManager). The corpus papers that measured runtime adaptation on phones (P029, P031, P033, P034) did so on device.","verified_full_text (P029, P031, P033, P034)",P029; P031; P033; P034,none,not_applicable,feasible,moderate,Assumption: vendor-specific counters vary in accuracy. The API details are not part of the verified corpus and need confirming on the target device.
GC-01,Dataset feasibility,"Public optical inspection datasets used by verified papers include MVTec AD and VisA (arXiv 2603.20288, 2410.11591) and PCB defect sets (PMC11435656). 3D-print datasets appear in P015 and P016. Phone-captured data for a 3D-print scenario would need collecting.",verified_full_text,arXiv 2603.20288; arXiv 2410.11591; P015; P016,none,not_applicable,feasible_with_conditions,moderate,"Public datasets are not captured on phones. Runtime adaptation needs streams or sequences, not only still images."
GC-01,Experimental feasibility,"Controlled conditions (static vs. adaptive policy, induced load or thermal stress, fixed scenes) can be scripted on one device. The verified smartphone adaptation papers use such protocols.",verified_full_text,P029; P031; P033,none,not_applicable,feasible_with_conditions,moderate,"Ambient temperature, background processes and OS throttling policies are confounders. Repetitions are needed."
GC-01,Baseline availability,"Static (non-adaptive) deployment is a natural baseline, as used by P011 and by the edge papers. Published adaptive comparators exist outside inspection (P029, P033, P034).",verified_full_text,P011; P029; P033; P034,none,not_applicable,feasible,moderate,"Comparators come from other tasks, so their numbers are not directly comparable."
GC-01,Ablation potential,"The adaptation trigger (resource signal), the adaptation action (model or resolution switch) and the policy can each be disabled or fixed independently.",not_applicable (design reasoning),none,none,not_applicable,feasible,moderate,Proposed idea; not demonstrated in this project yet.
GC-01,Quantitative evaluation potential,"Accuracy, latency, throughput, energy proxies and thermal state are standard quantities in the verified related work (P029, P031, P034; arXiv 2309.00022 measures energy with a power meter).",verified_full_text,P029; P031; P034; arXiv 2309.00022,none,not_applicable,feasible,moderate,Inspection accuracy under adaptation needs a task-appropriate metric (e.g. defect recall at fixed false-alarm rate).
GC-01,Expected engineering complexity,"Needs an on-device inference runtime, several model variants, a telemetry reader and a policy. This matches planned modules (inference/, adaptation/, monitoring/) but none is implemented yet (Phase 1).",verified_full_text (project document),PROJECT_SPEC.md §4,none,not_applicable,feasible_with_conditions,moderate,Android integration is Phase 4 in the roadmap.
GC-01,Potential contribution depth,"Could support a measured study of resource-driven runtime adaptation for a smartphone inspection task, with an explicit static baseline. Verified outside-scope work shows the mechanism exists, so any contribution would concern the inspection setting and its evaluation, not the mechanism itself.",verified_full_text,P029; P033; P034; arXiv 2608.14727,none,not_applicable,mixed,low,"Depth depends on whether inspection-specific behaviour differs from general vision workloads. That is a hypothesis, not established."
GC-01,Publication relevance,Verified related work appears in mobile-systems and embedded venues (MobiCom: P029; DAC: P031; ACM TECS: P033; IEEE TMC: P034) and in industrial-inspection venues (Information Fusion: P011).,verified_full_text,P011; P029; P031; P033; P034,none,not_applicable,feasible,moderate,Venue fit is indicative only.
GC-02,Literature evidence strength,"Narrowed candidate: direct joint energy and thermal evaluation of resource-adaptive visual inspection on resource-constrained smartphones. 27 in-scope core papers; energy_evaluation Yes 0 / No 4 / Unknown 23; thermal_evaluation Yes 0 / No 4 / Unknown 23; adaptive_inference and resource_awareness each Yes 0 / No 4 / Unknown 23. The four No values (P011, P015, P016, P020) come from full text. Every core paper coded Yes for energy or thermal (P006, P028, P029, P030, P031, P032, P034) is outside the visual-inspection scope, and none of them is coded Yes for both.","verified_full_text (P011, P015, P016, P020); abstract_only (remaining in-scope records)",P011; P015; P016; P020,No full counterexample in corpus; P007 potential (energy and thermal Unknown),high,supports_candidate,low,"Energy and thermal results are rarely stated in abstracts, so 23 Unknowns limit the observation."
GC-02,Unknown burden,"23 of 27 in-scope records are Unknown for energy and for thermal. P007 (edge, visual inspection) stays unresolved because its full text was inaccessible.",abstract_only,P011; P015; P016; P020,P007 (potential),high,weakens_candidate,moderate,Full-text review of the in-scope edge papers is the main route to resolving these Unknowns.
GC-02,Counterexample risk,"Searches S09–S17 found no full counterexample. arXiv 2603.16451 (TinyGLASS) is a verified partial counterexample: in-sensor industrial visual anomaly detection (Sony IMX500 on Raspberry Pi 5) reporting 4.0 mJ per inference, but no thermal results and not on a smartphone. Six other edge visual-inspection papers were verified as having no energy or thermal results.",verified_full_text,arXiv 2603.20288; arXiv 2410.11591; arXiv 2606.07659; arXiv 2512.13497; arXiv 2608.14727; PMC11435656 (all: no energy or thermal results),partial (researcher-confirmed): arXiv 2603.16451. potential: Electronics 15(17):3915; FOMO/Edge Impulse paper; P007,moderate,mixed,moderate,"TinyGLASS (edge_device Yes, smartphone No under Decision C) shows energy evaluation of edge visual inspection outside the corpus, which weakens any broad edge/energy claim; this is why the candidate was narrowed. It does not establish joint energy + thermal evaluation, resource-adaptive inspection or a smartphone platform. Searches were designed against the pre-correction wording, so the joint/resource-adaptive form was not searched as one query."
GC-02,Direct PocketInspect alignment,"PROJECT_SPEC.md lists thermal and energy-aware computing, thermal sustainability as an evaluation target, and the monitoring/ module (temperature, battery, power).",verified_full_text (project document),"PROJECT_SPEC.md §2, §3, §4, §5",none,not_applicable,supports_candidate,high,Alignment with the project is not evidence about the literature.
GC-02,Research feasibility,"The narrowed candidate needs a phone, a resource-adaptive inspection workload (i.e. a GC-01-type adaptation mechanism) and a joint energy/thermal measurement method. arXiv 2309.00022 shows an external power-meter protocol on an edge device, and P031 measures thermal behaviour on a phone.",verified_full_text,P031; arXiv 2309.00022,none,not_applicable,feasible_with_conditions,moderate,External power measurement of a phone usually needs battery bypass or a USB power monitor. Availability is an assumption.
GC-02,Smartphone measurability,"Thermal state and battery level are readable on Android. Energy can be estimated from battery counters or measured externally. P029 and P034 report energy on mobile devices, and P031 reports thermal behaviour.",verified_full_text,P029; P031; P034,none,not_applicable,feasible_with_conditions,moderate,Battery-counter resolution and sampling rate vary by device. Software-only estimates have unknown error unless calibrated against an external meter.
GC-02,Dataset feasibility,"Energy and thermal behaviour depend on the workload, not on labels, so public inspection datasets (MVTec AD, VisA, PCB sets) can drive the workload. Accuracy must still be reported alongside.",verified_full_text,arXiv 2603.20288; arXiv 2603.16451; PMC11435656,none,not_applicable,feasible,moderate,Continuous-capture realism (live camera vs. replayed images) changes the energy profile. arXiv 2608.14727 shows that the data path dominates wall time on an edge device.
GC-02,Experimental feasibility,"Sustained-load runs with periodic sampling of temperature, throttling state and energy are practical. Warm-up and ambient control are required (arXiv 2608.14727 notes timing varies with thermal state).",verified_full_text,arXiv 2608.14727; P031,none,not_applicable,feasible_with_conditions,moderate,"Ambient temperature, phone case and charging state are confounders. Repeated runs are required."
GC-02,Baseline availability,"Baselines can be measurement conditions rather than competing methods: model variants, precisions, frame rates and cloud offload. Published energy figures for edge visual inspection exist (arXiv 2603.16451) but on different hardware.",verified_full_text,arXiv 2603.16451; arXiv 2309.00022,none,not_applicable,feasible,moderate,Cross-hardware energy numbers are not directly comparable.
GC-02,Ablation potential,"Factors such as model size, precision, input resolution, frame rate and pre-filtering can be varied one at a time.",not_applicable (design reasoning),none,none,not_applicable,feasible,moderate,"Proposed idea; ablation of a measurement study is factor variation, not component removal."
GC-02,Quantitative evaluation potential,"Energy per inference or per inspected part, average power, time to throttling and temperature trajectories are quantitative and used in verified work (P031; arXiv 2603.16451; arXiv 2309.00022).",verified_full_text,P031; arXiv 2603.16451; arXiv 2309.00022,none,not_applicable,feasible,moderate,Requires a documented measurement protocol to be reproducible.
GC-02,Expected engineering complexity,"A measurement harness and telemetry logging (monitoring/), an on-device inference path, and, because the narrowed candidate concerns resource-adaptive inspection, a runtime adaptation mechanism (adaptation/).",verified_full_text (project document),PROJECT_SPEC.md §4,none,not_applicable,feasible_with_conditions,moderate,"Narrowing to resource-adaptive inspection makes GC-02 depend on a GC-01-type mechanism. Hardware measurement setup, if external, adds practical complexity."
GC-02,Potential contribution depth,Supports an empirical characterisation (measurement study) of joint energy and thermal behaviour of resource-adaptive smartphone inspection. On its own this is an evaluation contribution rather than a method.,verified_full_text,arXiv 2603.16451; P031,none,not_applicable,mixed,low,Depth is limited if results mainly reproduce known device behaviour. Whether inspection workloads behave differently is an untested hypothesis.
GC-02,Publication relevance,"Verified related work appears in embedded and circuits venues (DAC: P031; AICAS 2026: arXiv 2603.16451) and mobile venues (P029, P034).",verified_full_text,P029; P031; P034; arXiv 2603.16451,none,not_applicable,feasible,moderate,Venue fit is indicative only.
GC-03,Literature evidence strength,"Narrowed candidate: an integrated resource-aware smartphone visual-inspection system combining runtime adaptation with confidence-aware downstream verification (five components: resource awareness; smartphone; visual inspection; runtime adaptation; confidence-aware verification). Within the 27 in-scope core papers, no paper satisfies three of the four Step 9.7 components (smartphone; visual inspection; runtime adaptation; confidence-aware downstream decision), and resource_awareness is Yes 0. confidence_gating is Yes 1 (P016, edge, not smartphone) / No 2 / Unknown 24. P011 has smartphone and visual inspection but No for adaptation and confidence gating.","verified_full_text (P011, P016); abstract_only (remaining in-scope records)",P011; P016,No full or partial counterexample in corpus; P001 potential,high,supports_candidate,low,"The observation is assembled from separate components that are each sparsely coded, and it shares GC-01's thin smartphone evidence."
GC-03,Unknown burden,"22 of 27 in-scope records are unresolved for the combination. confidence_gating is Unknown for 24 of 27 (38 of 46 core papers), and the runtime fields for 23 of 27.",abstract_only,P011; P016,P001 (potential),high,weakens_candidate,moderate,Confidence-triggered actions are seldom described in abstracts. This is the most Unknown-dependent of the three candidates.
GC-03,Counterexample risk,"Searches S18–S27 found no full counterexample. PMC11435656 meets three of four components outside the corpus: visual inspection, a per-sample runtime change of the computation path, and confidence-triggered escalation. It runs on Raspberry Pi 4 edge devices, not a smartphone, and is not resource-driven. ActiveInspect (Sensors 26(15):4932) selects additional views when evidence is ambiguous, but on A100 GPUs with a learned policy. arXiv 2608.21967 describes uncertainty-based human referral that is not yet evaluated online.",verified_full_text,"arXiv 2608.14727 (cascade, trigger not described as confidence)",partial (researcher-confirmed): PMC11435656; ActiveInspect (doi 10.3390/s26154932); arXiv 2608.14727. potential: arXiv 2608.21967; P001,moderate,mixed,moderate,"Edge systems outside the corpus already combine adaptation, confidence-aware decisions and/or active view selection; this weakens any broad claim and is why the candidate was narrowed to the integrated resource-aware smartphone realization. Under Decision B, ActiveInspect's learned view selection is not counted as confidence gating (Unknown). PMC11435656 and ActiveInspect were keyword-scanned, not read end to end."
GC-03,Direct PocketInspect alignment,"PROJECT_SPEC.md covers uncertainty-based flagging for human review (uncertainty/), multi-view inspection, quality pre-filtering (acquisition/quality) and resource adaptation (adaptation/), across Phases 2–3.",verified_full_text (project document),"PROJECT_SPEC.md §3, §4, §6",none,not_applicable,supports_candidate,high,Alignment with the project is not evidence about the literature.
GC-03,Research feasibility,"Combines the GC-01 requirements with a confidence-triggered action (recapture, additional view or referral). The individual mechanisms are demonstrated separately (P016 confidence gating; P029/P033/P034 adaptation; PMC11435656 edge escalation).",verified_full_text,P016; P029; P033; P034; PMC11435656,none,not_applicable,feasible_with_conditions,moderate,"Interactive actions (recapture, additional view) need a user or rig in the loop, which complicates controlled evaluation."
GC-03,Smartphone measurability,"Resource signals are measurable as for GC-01. Confidence-triggered actions are measurable as event rates (referral, recapture, additional-view rates) and their effect on accuracy.",not_applicable (design reasoning),none,none,not_applicable,feasible_with_conditions,low,Measuring user-driven recapture on a phone needs logging of user actions and timing. This is a proposed idea.
GC-03,Dataset feasibility,Confidence-triggered additional views need multi-view or re-captured data per object. Real-IAD-style multi-view datasets are used by ActiveInspect. Phone-captured multi-view or recapture sequences for 3D-printed parts would need collecting.,verified_full_text,ActiveInspect (doi 10.3390/s26154932),none,not_applicable,difficult,moderate,"Pre-acquired pools (as in ActiveInspect) simulate, but do not reproduce, live recapture."
GC-03,Experimental feasibility,Possible with a fixed rig and scripted recapture or view changes. User-in-the-loop handling adds variability.,not_applicable (design reasoning),none,none,not_applicable,feasible_with_conditions,low,"The effects of the adaptation and the gating interact, so factorial designs are needed. The sample sizes required are unknown."
GC-03,Baseline availability,Baselines: static model without gating; gating without adaptation; adaptation without gating. Published single-component comparators exist (P016 gating; PMC11435656 edge escalation; ActiveInspect view selection).,verified_full_text,P016; PMC11435656; ActiveInspect,none,not_applicable,feasible,moderate,No published integrated smartphone comparator was found in these searches.
GC-03,Ablation potential,A factorial (adaptation on/off × gating on/off × action type) ablation is natural.,not_applicable (design reasoning),none,none,not_applicable,feasible,moderate,Proposed idea. The number of conditions grows quickly.
GC-03,Quantitative evaluation potential,"Accuracy, recall at a fixed review rate, referral/recapture rate, latency and resource use can all be quantified. ActiveInspect reports observation count against accuracy, and PMC11435656 reports edge/cloud detection results.",verified_full_text,ActiveInspect; PMC11435656,none,not_applicable,feasible,moderate,The trade-off between operator workload and accuracy needs an agreed operating point.
GC-03,Expected engineering complexity,The highest of the three: the GC-01 stack plus a confidence/uncertainty component and an acquisition-feedback loop (app UI or rig).,verified_full_text (project document),PROJECT_SPEC.md §4,none,not_applicable,difficult,moderate,Depends on Phase 3 and Phase 4 components that do not exist yet.
GC-03,Potential contribution depth,"Admits a system-integration study with testable sub-questions (does gating compensate for adaptation-induced accuracy loss?). Verified edge work already integrates adaptation with confidence-triggered escalation, so depth would come from the smartphone setting and the resource-driven trigger.",verified_full_text,PMC11435656; ActiveInspect; P016,none,not_applicable,mixed,low,The sub-questions are hypotheses. Integration studies can be judged as engineering unless the questions are made explicit.
GC-03,Publication relevance,"Related verified work appears in sensor and industrial venues (Sensors: PMC11435656, ActiveInspect; Processes: P016; Information Fusion: P011).",verified_full_text,P011; P016; PMC11435656; ActiveInspect,none,not_applicable,feasible,moderate,Venue fit is indicative only.
