combination_id,label,research_dimensions,criteria,scope,records_in_scope,all_yes_count,all_yes_ids,unresolved_count,unresolved_ids,excluded_by_no_count,excluded_by_no_ids,near_miss,out_of_scope_matches,review_record_ids,peripheral_results,coverage_observation,corpus_sha256,review_status
C-GC01,Smartphone + visual inspection + runtime adaptation (resource-aware or adaptive),1; 4; 5,smartphone=Yes AND visual_inspection_scope=Yes AND (resource_awareness OR adaptive_inference)=Yes,"Core-analysis subset, excluding records coded No for visual_inspection_scope",27,0,None,22,P001; P008; P009; P012; P014; P017; P018; P019; P022; P023; P037; P038; P039; P041; P042; P043; P044; P047; P049; P050; P053; P054,5,"P007[smartphone=No]; P011[resource_awareness|adaptive_inference=No]; P015[smartphone,resource_awareness|adaptive_inference=No]; P016[smartphone,resource_awareness|adaptive_inference=No]; P020[smartphone,resource_awareness|adaptive_inference=No]",P011[resource_awareness|adaptive_inference=No],P029; P031; P033; P034,P010; P024; P026; P035; P036; P052,P002=No; P013=No,No in-scope core record satisfies every criterion; the available coding is insufficient to determine the combination for 22 of 27 records,c8fac51d5d80abd25f09816eace1ab840c498af76ade913ce7f7f1ecdc7da521,Pending researcher review
C-GC02,Visual inspection + smartphone/edge/on-device + energy or thermal evaluation,1; 2; 8; 9,visual_inspection_scope=Yes AND (smartphone OR edge_device OR on_device)=Yes AND (energy_evaluation OR thermal_evaluation)=Yes,"Core-analysis subset, excluding records coded No for visual_inspection_scope",27,0,None,23,P001; P007; P008; P009; P012; P014; P017; P018; P019; P022; P023; P037; P038; P039; P041; P042; P043; P044; P047; P049; P050; P053; P054,4,"P011[energy_evaluation|thermal_evaluation=No]; P015[smartphone|edge_device|on_device,energy_evaluation|thermal_evaluation=No]; P016[energy_evaluation|thermal_evaluation=No]; P020[energy_evaluation|thermal_evaluation=No]",P007[energy_evaluation|thermal_evaluation=Unknown]; P011[energy_evaluation|thermal_evaluation=No]; P016[energy_evaluation|thermal_evaluation=No],P006; P028; P029; P031; P032; P034,P010; P024; P026; P035; P036; P052,P002=No; P013=No,No in-scope core record satisfies every criterion; the available coding is insufficient to determine the combination for 23 of 27 records,c8fac51d5d80abd25f09816eace1ab840c498af76ade913ce7f7f1ecdc7da521,Pending researcher review
C-GC03,Smartphone + visual inspection + runtime adaptation + confidence-triggered downstream action,1; 4; 5; 12; 13; 15,smartphone=Yes AND visual_inspection_scope=Yes AND (adaptive_inference OR resource_awareness)=Yes AND confidence_gating=Yes,"Core-analysis subset, excluding records coded No for visual_inspection_scope",27,0,None,22,P001; P008; P009; P012; P014; P017; P018; P019; P022; P023; P037; P038; P039; P041; P042; P043; P044; P047; P049; P050; P053; P054,5,"P007[smartphone=No]; P011[adaptive_inference|resource_awareness,confidence_gating=No]; P015[smartphone,adaptive_inference|resource_awareness=No]; P016[smartphone,adaptive_inference|resource_awareness=No]; P020[smartphone,adaptive_inference|resource_awareness,confidence_gating=No]",None,None,P010; P024; P026; P035; P036; P052,P002=No; P013=No,No in-scope core record satisfies every criterion; the available coding is insufficient to determine the combination for 22 of 27 records,c8fac51d5d80abd25f09816eace1ab840c498af76ade913ce7f7f1ecdc7da521,Pending researcher review
C-A,Smartphone + visual inspection + on-device inference,1; 2,smartphone=Yes AND visual_inspection_scope=Yes AND on_device=Yes,"Core-analysis subset, excluding records coded No for visual_inspection_scope",27,1,P011,22,P001; P008; P009; P012; P014; P017; P018; P019; P022; P023; P037; P038; P039; P041; P042; P043; P044; P047; P049; P050; P053; P054,4,"P007[smartphone=No]; P015[smartphone,on_device=No]; P016[smartphone=No]; P020[smartphone=No]",P007[smartphone=No]; P016[smartphone=No],P003; P004; P006; P029; P031; P033; P034,P010; P024; P026; P035; P036; P052,P002=No; P013=No,1 of 27 in-scope core records satisfy every criterion (counterexamples to a gap claim),c8fac51d5d80abd25f09816eace1ab840c498af76ade913ce7f7f1ecdc7da521,Pending researcher review
C-B,Smartphone + visual inspection + resource awareness,1; 3; 4,smartphone=Yes AND visual_inspection_scope=Yes AND resource_awareness=Yes,"Core-analysis subset, excluding records coded No for visual_inspection_scope",27,0,None,22,P001; P008; P009; P012; P014; P017; P018; P019; P022; P023; P037; P038; P039; P041; P042; P043; P044; P047; P049; P050; P053; P054,5,"P007[smartphone=No]; P011[resource_awareness=No]; P015[smartphone,resource_awareness=No]; P016[smartphone,resource_awareness=No]; P020[smartphone,resource_awareness=No]",P011[resource_awareness=No],P029; P031; P033; P034,P010; P024; P026; P035; P036; P052,P002=No; P013=No,No in-scope core record satisfies every criterion; the available coding is insufficient to determine the combination for 22 of 27 records,c8fac51d5d80abd25f09816eace1ab840c498af76ade913ce7f7f1ecdc7da521,Pending researcher review
C-C,Smartphone + visual inspection + adaptive inference,1; 5,smartphone=Yes AND visual_inspection_scope=Yes AND adaptive_inference=Yes,"Core-analysis subset, excluding records coded No for visual_inspection_scope",27,0,None,22,P001; P008; P009; P012; P014; P017; P018; P019; P022; P023; P037; P038; P039; P041; P042; P043; P044; P047; P049; P050; P053; P054,5,"P007[smartphone=No]; P011[adaptive_inference=No]; P015[smartphone,adaptive_inference=No]; P016[smartphone,adaptive_inference=No]; P020[smartphone,adaptive_inference=No]",P011[adaptive_inference=No],P029; P033; P034,P010; P024; P026; P035; P036; P052,P002=No; P013=No,No in-scope core record satisfies every criterion; the available coding is insufficient to determine the combination for 22 of 27 records,c8fac51d5d80abd25f09816eace1ab840c498af76ade913ce7f7f1ecdc7da521,Pending researcher review
C-D,Smartphone + visual inspection + energy evaluation,1; 8,smartphone=Yes AND visual_inspection_scope=Yes AND energy_evaluation=Yes,"Core-analysis subset, excluding records coded No for visual_inspection_scope",27,0,None,22,P001; P008; P009; P012; P014; P017; P018; P019; P022; P023; P037; P038; P039; P041; P042; P043; P044; P047; P049; P050; P053; P054,5,"P007[smartphone=No]; P011[energy_evaluation=No]; P015[smartphone,energy_evaluation=No]; P016[smartphone,energy_evaluation=No]; P020[smartphone,energy_evaluation=No]",P011[energy_evaluation=No],P006; P029; P034,P010; P024; P026; P035; P036; P052,P002=No; P013=No,No in-scope core record satisfies every criterion; the available coding is insufficient to determine the combination for 22 of 27 records,c8fac51d5d80abd25f09816eace1ab840c498af76ade913ce7f7f1ecdc7da521,Pending researcher review
C-E,Smartphone + visual inspection + thermal evaluation,1; 9,smartphone=Yes AND visual_inspection_scope=Yes AND thermal_evaluation=Yes,"Core-analysis subset, excluding records coded No for visual_inspection_scope",27,0,None,22,P001; P008; P009; P012; P014; P017; P018; P019; P022; P023; P037; P038; P039; P041; P042; P043; P044; P047; P049; P050; P053; P054,5,"P007[smartphone=No]; P011[thermal_evaluation=No]; P015[smartphone,thermal_evaluation=No]; P016[smartphone,thermal_evaluation=No]; P020[smartphone,thermal_evaluation=No]",P011[thermal_evaluation=No],P031,P010; P024; P026; P035; P036; P052,P002=No; P013=No,No in-scope core record satisfies every criterion; the available coding is insufficient to determine the combination for 22 of 27 records,c8fac51d5d80abd25f09816eace1ab840c498af76ade913ce7f7f1ecdc7da521,Pending researcher review
C-F,Smartphone + resource awareness + adaptive inference,1; 4; 5,smartphone=Yes AND resource_awareness=Yes AND adaptive_inference=Yes,Core-analysis subset,46,3,P029; P033; P034,37,P001; P003; P004; P005; P006; P008; P009; P012; P014; P017; P018; P019; P021; P022; P023; P025; P027; P028; P030; P032; P037; P038; P039; P040; P041; P042; P043; P044; P045; P046; P047; P048; P049; P050; P051; P053; P054,6,"P007[smartphone=No]; P011[resource_awareness,adaptive_inference=No]; P015[smartphone,resource_awareness,adaptive_inference=No]; P016[smartphone,resource_awareness,adaptive_inference=No]; P020[smartphone,resource_awareness,adaptive_inference=No]; P031[adaptive_inference=No]",P027[smartphone=Unknown]; P028[smartphone=Unknown]; P030[smartphone=Unknown]; P031[adaptive_inference=No]; P032[smartphone=Unknown],None,P010; P024; P026; P035; P036; P052,P002=No; P013=No,3 of 46 in-scope core records satisfy every criterion (counterexamples to a gap claim),c8fac51d5d80abd25f09816eace1ab840c498af76ade913ce7f7f1ecdc7da521,Pending researcher review
C-G,Adaptive inference + energy evaluation + latency evaluation,5; 7; 8,adaptive_inference=Yes AND energy_evaluation=Yes AND latency_evaluation=Yes,Core-analysis subset,46,3,P028; P029; P034,37,P001; P003; P004; P005; P006; P007; P008; P009; P012; P014; P017; P018; P019; P021; P022; P023; P025; P027; P030; P032; P037; P038; P039; P040; P041; P042; P043; P044; P045; P046; P047; P048; P049; P050; P051; P053; P054,6,"P011[adaptive_inference,energy_evaluation,latency_evaluation=No]; P015[adaptive_inference,energy_evaluation=No]; P016[adaptive_inference,energy_evaluation=No]; P020[adaptive_inference,energy_evaluation=No]; P031[adaptive_inference,energy_evaluation=No]; P033[energy_evaluation=No]",P030[latency_evaluation=Unknown]; P033[energy_evaluation=No],None,P010; P024; P026; P035; P036; P052,P002=No; P013=No,3 of 46 in-scope core records satisfy every criterion (counterexamples to a gap claim),c8fac51d5d80abd25f09816eace1ab840c498af76ade913ce7f7f1ecdc7da521,Pending researcher review
C-H,Confidence gating + multi-view (proxy for confidence-triggered additional view),11; 12; 13,confidence_gating=Yes AND multi_view=Yes,Core-analysis subset,46,0,None,38,P001; P003; P004; P005; P006; P007; P008; P009; P012; P014; P017; P018; P019; P021; P022; P023; P025; P027; P028; P030; P032; P037; P038; P039; P040; P041; P042; P043; P044; P045; P046; P047; P048; P049; P050; P051; P053; P054,8,"P011[confidence_gating,multi_view=No]; P015[multi_view=No]; P016[multi_view=No]; P020[confidence_gating,multi_view=No]; P029[confidence_gating,multi_view=No]; P031[confidence_gating,multi_view=No]; P033[confidence_gating,multi_view=No]; P034[confidence_gating,multi_view=No]",P016[multi_view=No]; P025[multi_view=Unknown]; P037[confidence_gating=Unknown]; P038[confidence_gating=Unknown]; P039[confidence_gating=Unknown]; P041[confidence_gating=Unknown]; P042[confidence_gating=Unknown]; P043[confidence_gating=Unknown],None,P010; P024; P026; P035; P036; P052,P002=No; P013=No,No in-scope core record satisfies every criterion; the available coding is insufficient to determine the combination for 38 of 46 records,c8fac51d5d80abd25f09816eace1ab840c498af76ade913ce7f7f1ecdc7da521,Pending researcher review
C-I,Multi-view + resource awareness,4; 11,multi_view=Yes AND resource_awareness=Yes,Core-analysis subset,46,0,None,38,P001; P003; P004; P005; P006; P007; P008; P009; P012; P014; P017; P018; P019; P021; P022; P023; P025; P027; P028; P030; P032; P037; P038; P039; P040; P041; P042; P043; P044; P045; P046; P047; P048; P049; P050; P051; P053; P054,8,"P011[multi_view,resource_awareness=No]; P015[multi_view,resource_awareness=No]; P016[multi_view,resource_awareness=No]; P020[multi_view,resource_awareness=No]; P029[multi_view=No]; P031[multi_view=No]; P033[multi_view=No]; P034[multi_view=No]",P027[multi_view=Unknown]; P028[multi_view=Unknown]; P029[multi_view=No]; P030[multi_view=Unknown]; P031[multi_view=No]; P032[multi_view=Unknown]; P033[multi_view=No]; P034[multi_view=No]; P037[resource_awareness=Unknown]; P038[resource_awareness=Unknown]; P039[resource_awareness=Unknown]; P041[resource_awareness=Unknown]; P042[resource_awareness=Unknown]; P043[resource_awareness=Unknown],None,P010; P024; P026; P035; P036; P052,P002=No; P013=No,No in-scope core record satisfies every criterion; the available coding is insufficient to determine the combination for 38 of 46 records,c8fac51d5d80abd25f09816eace1ab840c498af76ade913ce7f7f1ecdc7da521,Pending researcher review
C-J,Anomaly detection + resource awareness,4; 14,anomaly_detection=Yes AND resource_awareness=Yes,Core-analysis subset,46,0,None,38,P001; P003; P004; P005; P006; P007; P008; P009; P012; P014; P017; P018; P019; P021; P022; P023; P025; P027; P028; P030; P032; P037; P038; P039; P040; P041; P042; P043; P044; P045; P046; P047; P048; P049; P050; P051; P053; P054,8,"P011[anomaly_detection,resource_awareness=No]; P015[anomaly_detection,resource_awareness=No]; P016[anomaly_detection,resource_awareness=No]; P020[anomaly_detection,resource_awareness=No]; P029[anomaly_detection=No]; P031[anomaly_detection=No]; P033[anomaly_detection=No]; P034[anomaly_detection=No]",P009[resource_awareness=Unknown]; P027[anomaly_detection=Unknown]; P028[anomaly_detection=Unknown]; P029[anomaly_detection=No]; P030[anomaly_detection=Unknown]; P031[anomaly_detection=No]; P032[anomaly_detection=Unknown]; P033[anomaly_detection=No]; P034[anomaly_detection=No]; P037[resource_awareness=Unknown]; P038[resource_awareness=Unknown]; P040[resource_awareness=Unknown]; P043[resource_awareness=Unknown]; P047[resource_awareness=Unknown]; P050[resource_awareness=Unknown],None,P010; P024; P026; P035; P036; P052,P002=No; P013=No,No in-scope core record satisfies every criterion; the available coding is insufficient to determine the combination for 38 of 46 records,c8fac51d5d80abd25f09816eace1ab840c498af76ade913ce7f7f1ecdc7da521,Pending researcher review
C-K,Smartphone + latency + energy evaluation,1; 6; 7; 8; 16,smartphone=Yes AND latency_evaluation=Yes AND energy_evaluation=Yes,Core-analysis subset,46,2,P029; P034,37,P001; P003; P004; P005; P006; P008; P009; P012; P014; P017; P018; P019; P021; P022; P023; P025; P027; P028; P030; P032; P037; P038; P039; P040; P041; P042; P043; P044; P045; P046; P047; P048; P049; P050; P051; P053; P054,7,"P007[smartphone=No]; P011[latency_evaluation,energy_evaluation=No]; P015[smartphone,energy_evaluation=No]; P016[smartphone,energy_evaluation=No]; P020[smartphone,energy_evaluation=No]; P031[energy_evaluation=No]; P033[energy_evaluation=No]",P004[energy_evaluation=Unknown]; P006[latency_evaluation=Unknown]; P028[smartphone=Unknown]; P031[energy_evaluation=No]; P033[energy_evaluation=No],None,P010; P024; P026; P035; P036; P052,P002=No; P013=No,2 of 46 in-scope core records satisfy every criterion (counterexamples to a gap claim),c8fac51d5d80abd25f09816eace1ab840c498af76ade913ce7f7f1ecdc7da521,Pending researcher review
C-L,Smartphone + visual inspection + runtime adaptation + confidence-aware decision (gating or uncertainty),1; 4; 5; 12; 13; 15,smartphone=Yes AND visual_inspection_scope=Yes AND (adaptive_inference OR resource_awareness)=Yes AND (confidence_gating OR uncertainty)=Yes,"Core-analysis subset, excluding records coded No for visual_inspection_scope",27,0,None,22,P001; P008; P009; P012; P014; P017; P018; P019; P022; P023; P037; P038; P039; P041; P042; P043; P044; P047; P049; P050; P053; P054,5,"P007[smartphone=No]; P011[adaptive_inference|resource_awareness,confidence_gating|uncertainty=No]; P015[smartphone,adaptive_inference|resource_awareness=No]; P016[smartphone,adaptive_inference|resource_awareness=No]; P020[smartphone,adaptive_inference|resource_awareness,confidence_gating|uncertainty=No]",None,None,P010; P024; P026; P035; P036; P052,P002=No; P013=No,No in-scope core record satisfies every criterion; the available coding is insufficient to determine the combination for 22 of 27 records,c8fac51d5d80abd25f09816eace1ab840c498af76ade913ce7f7f1ecdc7da521,Pending researcher review
C-S1,Visual inspection + edge or on-device + energy evaluation,2; 3; 8,visual_inspection_scope=Yes AND (edge_device OR on_device)=Yes AND energy_evaluation=Yes,"Core-analysis subset, excluding records coded No for visual_inspection_scope",27,0,None,23,P001; P007; P008; P009; P012; P014; P017; P018; P019; P022; P023; P037; P038; P039; P041; P042; P043; P044; P047; P049; P050; P053; P054,4,"P011[energy_evaluation=No]; P015[edge_device|on_device,energy_evaluation=No]; P016[energy_evaluation=No]; P020[energy_evaluation=No]",P007[energy_evaluation=Unknown]; P011[energy_evaluation=No]; P016[energy_evaluation=No],P006; P028; P029; P034,P010; P024; P026; P035; P036; P052,P002=No; P013=No,No in-scope core record satisfies every criterion; the available coding is insufficient to determine the combination for 23 of 27 records,c8fac51d5d80abd25f09816eace1ab840c498af76ade913ce7f7f1ecdc7da521,Pending researcher review
C-S2,Adaptive inference + thermal evaluation + energy evaluation,5; 8; 9,adaptive_inference=Yes AND thermal_evaluation=Yes AND energy_evaluation=Yes,Core-analysis subset,46,0,None,38,P001; P003; P004; P005; P006; P007; P008; P009; P012; P014; P017; P018; P019; P021; P022; P023; P025; P027; P028; P030; P032; P037; P038; P039; P040; P041; P042; P043; P044; P045; P046; P047; P048; P049; P050; P051; P053; P054,8,"P011[adaptive_inference,thermal_evaluation,energy_evaluation=No]; P015[adaptive_inference,thermal_evaluation,energy_evaluation=No]; P016[adaptive_inference,thermal_evaluation,energy_evaluation=No]; P020[adaptive_inference,thermal_evaluation,energy_evaluation=No]; P029[thermal_evaluation=No]; P031[adaptive_inference,energy_evaluation=No]; P033[thermal_evaluation,energy_evaluation=No]; P034[thermal_evaluation=No]",P028[thermal_evaluation=Unknown]; P029[thermal_evaluation=No]; P030[thermal_evaluation=Unknown]; P032[energy_evaluation=Unknown]; P034[thermal_evaluation=No],None,P010; P024; P026; P035; P036; P052,P002=No; P013=No,No in-scope core record satisfies every criterion; the available coding is insufficient to determine the combination for 38 of 46 records,c8fac51d5d80abd25f09816eace1ab840c498af76ade913ce7f7f1ecdc7da521,Pending researcher review
C-S3,Uncertainty + edge or on-device inference,2; 12,uncertainty=Yes AND (edge_device OR on_device)=Yes,Core-analysis subset,46,0,None,38,P001; P003; P004; P005; P006; P007; P008; P009; P012; P014; P017; P018; P019; P021; P022; P023; P025; P027; P028; P030; P032; P037; P038; P039; P040; P041; P042; P043; P044; P045; P046; P047; P048; P049; P050; P051; P053; P054,8,"P011[uncertainty=No]; P015[uncertainty,edge_device|on_device=No]; P016[uncertainty=No]; P020[uncertainty=No]; P029[uncertainty=No]; P031[uncertainty=No]; P033[uncertainty=No]; P034[uncertainty=No]",P003[uncertainty=Unknown]; P004[uncertainty=Unknown]; P006[uncertainty=Unknown]; P007[uncertainty=Unknown]; P011[uncertainty=No]; P016[uncertainty=No]; P027[uncertainty=Unknown]; P028[uncertainty=Unknown]; P029[uncertainty=No]; P031[uncertainty=No]; P032[uncertainty=Unknown]; P033[uncertainty=No]; P034[uncertainty=No]; P045[edge_device|on_device=Unknown]; P046[edge_device|on_device=Unknown]; P047[edge_device|on_device=Unknown]; P048[edge_device|on_device=Unknown]; P049[edge_device|on_device=Unknown]; P050[edge_device|on_device=Unknown]; P051[edge_device|on_device=Unknown]; P053[edge_device|on_device=Unknown]; P054[edge_device|on_device=Unknown],None,P010; P024; P026; P035; P036; P052,P002=No; P013=No,No in-scope core record satisfies every criterion; the available coding is insufficient to determine the combination for 38 of 46 records,c8fac51d5d80abd25f09816eace1ab840c498af76ade913ce7f7f1ecdc7da521,Pending researcher review
C-S4,3D-print visual inspection + edge or on-device inference,1; 2; 14,three_d_print_inspection=Yes AND visual_inspection_scope=Yes AND (edge_device OR on_device)=Yes,"Core-analysis subset, excluding records coded No for three_d_print_inspection, visual_inspection_scope",8,1,P016,6,P017; P018; P019; P020; P022; P023,1,P015[edge_device|on_device=No],P015[edge_device|on_device=No]; P017[edge_device|on_device=Unknown]; P019[edge_device|on_device=Unknown]; P020[edge_device|on_device=Unknown]; P022[edge_device|on_device=Unknown],P003; P004; P006; P007; P011; P027; P028; P029; P031; P032; P033; P034,P010; P024; P026; P035; P036; P052,P002=No; P013=No,1 of 8 in-scope core records satisfy every criterion (counterexamples to a gap claim),c8fac51d5d80abd25f09816eace1ab840c498af76ade913ce7f7f1ecdc7da521,Pending researcher review
C-S5,Visual inspection + edge or on-device + latency evaluation,2; 6; 7,visual_inspection_scope=Yes AND (edge_device OR on_device)=Yes AND latency_evaluation=Yes,"Core-analysis subset, excluding records coded No for visual_inspection_scope",27,2,P007; P016,23,P001; P008; P009; P012; P014; P017; P018; P019; P020; P022; P023; P037; P038; P039; P041; P042; P043; P044; P047; P049; P050; P053; P054,2,P011[latency_evaluation=No]; P015[edge_device|on_device=No],P011[latency_evaluation=No]; P039[edge_device|on_device=Unknown],P004; P028; P029; P031; P033; P034,P010; P024; P026; P035; P036; P052,P002=No; P013=No,2 of 27 in-scope core records satisfy every criterion (counterexamples to a gap claim),c8fac51d5d80abd25f09816eace1ab840c498af76ade913ce7f7f1ecdc7da521,Pending researcher review
