ID,Type,Statement,Related_Gap,Related_RQ,Related_Objective,Related_Hypothesis,Independent_Variables,Dependent_Variables,Evaluation_Method,Falsification_Condition,Status
GC-03,Gap,"Within the reviewed literature corpus, there is limited evidence of an integrated resource-aware smartphone visual-inspection system in which device-state-driven runtime adaptation is coupled with confidence-aware downstream verification, particularly for recovering inspection performance under resource-induced model/configuration degradation.",GC-03,RQ1;RQ2;RQ3;RQ4;RQ5;RQ6,O1;O2;O3;O4;O5;O6;O7;O8,H1;H2;H3;H4;H5,,,Literature boundary (Steps 9.7-9.9C); experiments E1;E2;E3,F1;F2;F3;F4;F5;F6,"APPROVED (researcher, 2026-10-05)"
RQ1,Research question (primary),Can confidence-aware downstream verification recover inspection accuracy lost when a resource-constrained smartphone dynamically downgrades its inference configuration under changing device conditions?,GC-03,RQ1,O4;O8,H1;H2;H5,"baseline condition;resource-pressure condition (R0-R3, measured telemetry logged as manipulation check);inference configuration;adaptation state;confidence threshold",recall;precision;F1;mAP;coverage;latency;FPS;energy/power;temperature;memory;verification overhead,"Decision rule over H1, H2, H5 (hypotheses.md section 7); E2;E3",H1 not supported (not testable) or F2 or F3 holds,OPEN
RQ2,Research question,"How does resource-driven runtime adaptation change defect-detection performance and resource consumption on a resource-constrained smartphone, relative to the static configurations it switches between?",GC-03,RQ2,O1;O2,H1,"resource-pressure condition (R0-R3, measured telemetry logged as manipulation check);inference configuration;adaptation state",recall;precision;F1;mAP;latency;FPS;energy/power;temperature;memory,E1 forced sweep; E2 B3 vs B1 and B2,F1 or H1 falsified,OPEN
RQ3,Research question,"What proportion of the inspection-performance loss caused by resource-driven configuration downgrading does confidence-aware verification recover, and how does that proportion vary with resource state and verification action?",GC-03,RQ3,O3;O4,H2,verification enabled;verification action;confidence threshold;resource-pressure condition,recall;precision;F1;mAP;recovery proportion;coverage;recapture rate;escalation rate,E2 B5 vs B3; E3 B5 vs B5-F,F2,OPEN
RQ4,Research question,"How do confidence distributions and calibration differ across inference configurations, and do they differ across resource states when the configuration is held fixed?",GC-03,RQ4,O5,H4,inference configuration;resource-pressure condition,calibration error;confidence distribution,E1 forced sweep,F5,OPEN
RQ5,Research question,"What latency, energy, thermal, memory and verification-action overhead does confidence-aware verification add, per inspected item and per verified item?",GC-03,RQ5,O6,H3,verification enabled;verification action;confidence threshold;resource-pressure condition,latency;FPS;energy/power;temperature;memory;recapture rate;escalation rate;verification overhead,E1; E2 B5 vs B3 and B4 vs fixed configuration,H3 falsified (no overhead beyond measurement resolution); F4,OPEN
RQ6,Research question,"Does combining resource adaptation with confidence verification give a more favourable accuracy-efficiency trade-off than either mechanism alone, and how does it compare with the static best and static lightweight configurations?",GC-03,RQ6,O7;O8,H5,baseline condition;resource-pressure condition,recall;precision;F1;mAP;coverage;latency;FPS;energy/power;temperature;memory,E2 Pareto and matched-budget comparison of B1-B5,F3;F4;F6,OPEN
O1,Objective,Design a resource-aware runtime inference policy for smartphone visual inspection.,GC-03,RQ2,O1,H1;H5,"resource-pressure condition (R0-R3, measured telemetry logged as manipulation check);adaptation state",inference configuration;state-transition log,Policy specification in configs/; behaviour logged in E2,F1,PLANNED
O2,Objective,Quantify inspection-performance degradation under controlled resource pressure and configuration downgrading.,GC-03,RQ2,O2,H1,"resource-pressure condition (R0-R3, measured telemetry logged as manipulation check);inference configuration",recall;precision;F1;mAP;latency;FPS;energy/power;temperature;memory,E1; E2 B3 vs B1,H1 falsified,PLANNED
O3,Objective,Design a confidence-aware downstream verification mechanism.,GC-03,RQ3,O3,H2;H3;H5,confidence threshold;verification action;resource-pressure condition,triggered-action log;coverage,Verification-policy specification in configs/; E3 distinguishes it from a fixed threshold,H2.b falsified (no difference from B5-F),PLANNED
O4,Objective,Measure how much performance degradation the verification mechanism recovers.,GC-03,RQ3;RQ1,O4,H2,verification enabled;verification action;resource-pressure condition,recall;precision;F1;mAP;recovery proportion;coverage,E2 B5 vs B3,F2,PLANNED
O5,Objective,Characterize confidence/calibration changes across configurations and resource states.,GC-03,RQ4,O5,H4,inference configuration;resource-pressure condition,calibration error;confidence distribution,E1,F5,PLANNED
O6,Objective,"Quantify latency, energy, thermal, memory, and verification overhead.",GC-03,RQ5,O6,H3,verification enabled;verification action,latency;FPS;energy/power;temperature;memory;verification overhead,E1; E2,F4,PLANNED
O7,Objective,Compare the combined strategy against appropriate ablation baselines.,GC-03,RQ6,O7,H5,baseline condition,recall;precision;F1;mAP;latency;FPS;energy/power;temperature;memory,E2 B1-B5; E3 B5-F,F6,PLANNED
O8,Objective,Determine whether the combined approach produces a statistically and practically meaningful accuracy-efficiency improvement.,GC-03,RQ6;RQ1,O8,H5;H2,baseline condition,recall;precision;F1;mAP;latency;FPS;energy/power;temperature;memory,Pre-registered tests with Holm correction and SESOI equivalence bounds,F3;F6,PLANNED
H1,Hypothesis,Resource-driven runtime downgrading decreases inspection performance relative to the best static configuration under equivalent task conditions.,GC-03,RQ2;RQ1,O1;O2,H1,baseline condition (B1 vs B3);resource-pressure condition;inference configuration,recall;precision;F1;mAP,Paired McNemar; paired bootstrap CI of M(B1)-M(B3); E1;E2,CI of degradation includes zero or lies within SESOI (equivalence),TO BE TESTED
H2,Hypothesis,Confidence-aware downstream verification recovers a measurable portion of the performance degradation introduced by resource-driven downgrading.,GC-03,RQ3;RQ1,O3;O4,H2,verification enabled (B5 vs B3);verification action;confidence threshold;resource-pressure condition,recall;precision;F1;mAP;recovery proportion;coverage,Paired McNemar; bootstrap CI of recovery proportion; E2;E3,CI of M(B5)-M(B3) includes zero or lies within SESOI at minimum coverage,TO BE TESTED
H3,Hypothesis,"Confidence-aware verification introduces measurable latency, energy, memory, or thermal overhead.",GC-03,RQ5,O6,H3,verification enabled;verification action;confidence threshold,latency;energy/power;temperature;memory;verification overhead,Mixed-effects model or Wilcoxon signed-rank across runs; bootstrap CI; E1;E2,No cost metric differs beyond measurement resolution,TO BE TESTED
H4,Hypothesis,Confidence distributions and calibration characteristics differ between inference configurations operating under different resource conditions.,GC-03,RQ4,O5,H4,inference configuration;resource-pressure condition,calibration error;confidence distribution,Bootstrap CI of ECE/Brier differences; KS tests with Holm correction; E1,Per-configuration calibration differences within SESOI (equivalence),TO BE TESTED
H5,Hypothesis,A joint resource-adaptation + confidence-verification policy provides a more favorable accuracy-efficiency trade-off than either mechanism alone.,GC-03,RQ6;RQ1,O7;O8,H5,baseline condition (B1-B5);resource-pressure condition,recall;precision;F1;mAP;coverage;latency;FPS;energy/power;temperature;memory,Pareto dominance and matched-budget comparison with bootstrap uncertainty; E2,B5 dominated by or equivalent to B3 or B4; or B5 needs at least B1 cost,TO BE TESTED
F1,Falsification criterion,Resource adaptation produces no meaningful resource benefit.,GC-03,RQ2,O1;O2,H1;H5,baseline condition (B3 vs B1),latency;FPS;energy/power;temperature;memory,TOST on cost difference; E2,Resource adaptation produces no meaningful resource benefit.,NOT EVALUATED
F2,Falsification criterion,Confidence verification does not recover measurable performance.,GC-03,RQ3,O4,H2,baseline condition (B5 vs B3),recall;precision;F1;mAP;recovery proportion,Paired McNemar; bootstrap CI; E2,Confidence verification does not recover measurable performance.,NOT EVALUATED
F3,Falsification criterion,Recovery is no better than simply using the static best model.,GC-03,RQ6;RQ1,O7;O8,H5,baseline condition (B5 vs B1),recall;precision;F1;mAP;latency;FPS;energy/power;temperature;memory,Matched-cost comparison; Pareto dominance; E2,Recovery is no better than simply using the static best model.,NOT EVALUATED
F4,Falsification criterion,Verification overhead eliminates the efficiency benefit.,GC-03,RQ5;RQ6,O6,H3;H5,"baseline condition (B5, B3, B1)",latency;FPS;energy/power;temperature;memory;verification overhead,Bootstrap CI on cost differences; E2,Verification overhead eliminates the efficiency benefit.,NOT EVALUATED
F5,Falsification criterion,Confidence calibration does not meaningfully change across configurations/resource states.,GC-03,RQ4,O5,H4,inference configuration;resource-pressure condition,calibration error,Bootstrap CI; equivalence test; E1,Confidence calibration does not meaningfully change across configurations/resource states.,NOT EVALUATED
F6,Falsification criterion,The combined method does not outperform appropriate ablations.,GC-03,RQ6,O7,H5,"baseline condition (B5 vs B3, B4)",recall;precision;F1;mAP;latency;FPS;energy/power;temperature;memory,Pareto and matched-budget comparison; E2,The combined method does not outperform appropriate ablations.,NOT EVALUATED
E1,Experiment (planned),"Forced-configuration sweep: C1-C4 under induced R0-R3, verification disabled.",GC-03,RQ2;RQ4;RQ5,O2;O5;O6,H1;H3;H4,inference configuration;resource-pressure condition,recall;precision;F1;mAP;calibration error;latency;FPS;energy/power;temperature;memory,"Per-cell accuracy, calibration and cost with repeated runs",F1;F5,NOT RUN
E2,Experiment (planned),Policy-driven episodes: B1-B5 under identical scripted resource-pressure schedules on identical item sequences.,GC-03,RQ1;RQ2;RQ3;RQ5;RQ6,O1;O2;O4;O6;O7;O8,H1;H2;H3;H5,baseline condition;resource-pressure schedule,recall;precision;F1;mAP;coverage;recapture rate;escalation rate;latency;FPS;energy/power;temperature;memory,Paired item-level and run-level comparisons,F1;F2;F3;F4;F6,NOT RUN
E3,Experiment (planned),Verification-policy ablation: B5 vs B5-F under the E2 schedules.,GC-03,RQ3,O3;O7,H2,verification policy (configuration-aware vs fixed global threshold),recall;precision;F1;mAP;coverage;verification overhead,Matched-rate and matched-cost comparison (H2.b),H2.b falsified,NOT RUN
CC-1,Candidate contribution,"CANDIDATE CONTRIBUTION - TO BE VALIDATED EXPERIMENTALLY: An empirical investigation of whether confidence-aware downstream verification can recover inspection performance degraded by resource-driven runtime configuration changes on a resource-constrained smartphone, including analysis of accuracy, calibration, latency, energy, thermal behavior, and verification overhead.",GC-03,RQ1;RQ2;RQ3;RQ4;RQ5;RQ6,O2;O4;O5;O6;O7;O8,H1;H2;H3;H4;H5,"baseline condition;resource-pressure condition (R0-R3, measured telemetry logged as manipulation check);inference configuration;confidence threshold",recall;precision;F1;mAP;calibration error;latency;FPS;energy/power;temperature;memory;verification overhead,E1;E2;E3,F2;F3;F4;F6,CANDIDATE - TO BE VALIDATED EXPERIMENTALLY
