Row_ID,Experiment,Stage,Dataset,Device,Model_Configuration,Resource_State,Baseline,Confidence_Policy,Verification_Action,Status,Hypotheses,Rationale
M-01,E0,Pilot,Real-IAD validation split,OPPO A5 2020 (3 GB),All admissible candidates,Idle and each controlled pressure protocol,None,Raw and calibrated logged; no gating,None,PILOT_ONLY,-,"Telemetry availability, thresholds, load/switch cost, energy validation, ladder steps 3-7, sample size"
M-02,E1,Stage 1,Real-IAD calibration and test splits,OPPO A5 2020 (3 GB),C1,R0,Forced configuration (no baseline policy),Raw and per-configuration temperature-scaled logged; no gating,None (verification disabled),REQUIRED,H1;H3;H4,"Full configuration x state factorial: per-cell accuracy, calibration and cost; derives R->C mapping and action costs"
M-03,E1,Stage 1,Real-IAD calibration and test splits,OPPO A5 2020 (3 GB),C1,R1,Forced configuration (no baseline policy),Raw and per-configuration temperature-scaled logged; no gating,None (verification disabled),REQUIRED,H1;H3;H4,"Full configuration x state factorial: per-cell accuracy, calibration and cost; derives R->C mapping and action costs"
M-04,E1,Stage 1,Real-IAD calibration and test splits,OPPO A5 2020 (3 GB),C1,R2,Forced configuration (no baseline policy),Raw and per-configuration temperature-scaled logged; no gating,None (verification disabled),REQUIRED,H1;H3;H4,"Full configuration x state factorial: per-cell accuracy, calibration and cost; derives R->C mapping and action costs"
M-05,E1,Stage 1,Real-IAD calibration and test splits,OPPO A5 2020 (3 GB),C1,R3,Forced configuration (no baseline policy),Raw and per-configuration temperature-scaled logged; no gating,None (verification disabled),REQUIRED,H1;H3;H4,"Full configuration x state factorial: per-cell accuracy, calibration and cost; derives R->C mapping and action costs"
M-06,E1,Stage 1,Real-IAD calibration and test splits,OPPO A5 2020 (3 GB),C2,R0,Forced configuration (no baseline policy),Raw and per-configuration temperature-scaled logged; no gating,None (verification disabled),REQUIRED,H1;H3;H4,"Full configuration x state factorial: per-cell accuracy, calibration and cost; derives R->C mapping and action costs"
M-07,E1,Stage 1,Real-IAD calibration and test splits,OPPO A5 2020 (3 GB),C2,R1,Forced configuration (no baseline policy),Raw and per-configuration temperature-scaled logged; no gating,None (verification disabled),REQUIRED,H1;H3;H4,"Full configuration x state factorial: per-cell accuracy, calibration and cost; derives R->C mapping and action costs"
M-08,E1,Stage 1,Real-IAD calibration and test splits,OPPO A5 2020 (3 GB),C2,R2,Forced configuration (no baseline policy),Raw and per-configuration temperature-scaled logged; no gating,None (verification disabled),REQUIRED,H1;H3;H4,"Full configuration x state factorial: per-cell accuracy, calibration and cost; derives R->C mapping and action costs"
M-09,E1,Stage 1,Real-IAD calibration and test splits,OPPO A5 2020 (3 GB),C2,R3,Forced configuration (no baseline policy),Raw and per-configuration temperature-scaled logged; no gating,None (verification disabled),REQUIRED,H1;H3;H4,"Full configuration x state factorial: per-cell accuracy, calibration and cost; derives R->C mapping and action costs"
M-10,E1,Stage 1,Real-IAD calibration and test splits,OPPO A5 2020 (3 GB),C3,R0,Forced configuration (no baseline policy),Raw and per-configuration temperature-scaled logged; no gating,None (verification disabled),REQUIRED,H1;H3;H4,"Full configuration x state factorial: per-cell accuracy, calibration and cost; derives R->C mapping and action costs"
M-11,E1,Stage 1,Real-IAD calibration and test splits,OPPO A5 2020 (3 GB),C3,R1,Forced configuration (no baseline policy),Raw and per-configuration temperature-scaled logged; no gating,None (verification disabled),REQUIRED,H1;H3;H4,"Full configuration x state factorial: per-cell accuracy, calibration and cost; derives R->C mapping and action costs"
M-12,E1,Stage 1,Real-IAD calibration and test splits,OPPO A5 2020 (3 GB),C3,R2,Forced configuration (no baseline policy),Raw and per-configuration temperature-scaled logged; no gating,None (verification disabled),REQUIRED,H1;H3;H4,"Full configuration x state factorial: per-cell accuracy, calibration and cost; derives R->C mapping and action costs"
M-13,E1,Stage 1,Real-IAD calibration and test splits,OPPO A5 2020 (3 GB),C3,R3,Forced configuration (no baseline policy),Raw and per-configuration temperature-scaled logged; no gating,None (verification disabled),REQUIRED,H1;H3;H4,"Full configuration x state factorial: per-cell accuracy, calibration and cost; derives R->C mapping and action costs"
M-14,E1,Stage 1,Real-IAD calibration and test splits,OPPO A5 2020 (3 GB),C4,R0,Forced configuration (no baseline policy),Raw and per-configuration temperature-scaled logged; no gating,None (verification disabled),REQUIRED,H1;H3;H4,"Full configuration x state factorial: per-cell accuracy, calibration and cost; derives R->C mapping and action costs"
M-15,E1,Stage 1,Real-IAD calibration and test splits,OPPO A5 2020 (3 GB),C4,R1,Forced configuration (no baseline policy),Raw and per-configuration temperature-scaled logged; no gating,None (verification disabled),REQUIRED,H1;H3;H4,"Full configuration x state factorial: per-cell accuracy, calibration and cost; derives R->C mapping and action costs"
M-16,E1,Stage 1,Real-IAD calibration and test splits,OPPO A5 2020 (3 GB),C4,R2,Forced configuration (no baseline policy),Raw and per-configuration temperature-scaled logged; no gating,None (verification disabled),REQUIRED,H1;H3;H4,"Full configuration x state factorial: per-cell accuracy, calibration and cost; derives R->C mapping and action costs"
M-17,E1,Stage 1,Real-IAD calibration and test splits,OPPO A5 2020 (3 GB),C4,R3,Forced configuration (no baseline policy),Raw and per-configuration temperature-scaled logged; no gating,None (verification disabled),REQUIRED,H1;H3;H4,"Full configuration x state factorial: per-cell accuracy, calibration and cost; derives R->C mapping and action costs"
M-18,E1,Stage 1,Real-IAD test split,OPPO A5 2020 (3 GB),C1-C4,R0-R3,Forced configuration,Per-configuration temperature-scaled,A2 simulated; A3; A4 (cost measurement only),REQUIRED,H3,Per-action verification cost by state for the frozen priority order
M-19,E2,Stage 1,Real-IAD test split,OPPO A5 2020 (3 GB),C1 static,Controlled pressure schedule (identical across baselines),B1,None (logged only),A0 only,REQUIRED,H1;H5,"Policy-driven episode; same items, order and schedule across baselines"
M-20,E2,Stage 1,Real-IAD test split,OPPO A5 2020 (3 GB),C3 static (C4 if pre-registered),Controlled pressure schedule (identical across baselines),B2,None (logged only),A0 only,REQUIRED,H5,"Policy-driven episode; same items, order and schedule across baselines"
M-21,E2,Stage 1,Real-IAD test split,OPPO A5 2020 (3 GB),Frozen R->C mapping,Controlled pressure schedule (identical across baselines),B3,None (logged only),A0 only,REQUIRED,H1;H2;H5,"Policy-driven episode; same items, order and schedule across baselines"
M-22,E2,Stage 1,Real-IAD test split,OPPO A5 2020 (3 GB),One fixed pre-registered configuration,Controlled pressure schedule (identical across baselines),B4,Per-configuration temperature-scaled; configuration-specific threshold,A2 simulated; A3; A4,REQUIRED,H3;H5,"Policy-driven episode; same items, order and schedule across baselines"
M-23,E2,Stage 1,Real-IAD test split,OPPO A5 2020 (3 GB),Frozen R->C mapping,Controlled pressure schedule (identical across baselines),B5,Per-configuration temperature-scaled; configuration-specific thresholds,A2 simulated; A3; A4 (permitted by state),REQUIRED,H2;H3;H5,"Policy-driven episode; same items, order and schedule across baselines"
M-24,E2,Stage 1,Real-IAD test split,OPPO A5 2020 (3 GB),Any,Any,B1;B2;B3,Any,A1;A2;A3;A4,NOT_APPLICABLE,-,Verification disabled in these baselines
M-25,E2,Stage 1,Real-IAD,OPPO A5 2020 (3 GB),Any,Any,Any,Any,A1 same-view recapture,NOT_APPLICABLE,-,Real-IAD stored views are not physical smartphone recapture
M-26,E3,Stage 1,Real-IAD test split,OPPO A5 2020 (3 GB),Frozen R->C mapping,Controlled pressure schedule (as E2),B5-F (ablation of B5),Per-configuration temperature scaling; one fixed global threshold,A2 simulated; A3; A4,REQUIRED,H2.b,Isolates configuration-specific thresholds; compared with B5 at matched rate or cost
M-27,E3,Stage 1,Real-IAD test split,OPPO A5 2020 (3 GB),Frozen R->C mapping,Controlled pressure schedule,B5,Split conformal per configuration,As B5,OPTIONAL,H4,Secondary confidence method only if feasibility is established
M-28,E2,Stage 2,Custom smartphone capture (PROTOCOL ONLY - NOT YET COLLECTED),OPPO A5 2020 (3 GB),Frozen R->C mapping,Controlled pressure schedule,B1-B5,As Stage 1,A1 actual recapture; A2 actual view; A3; A4,OPTIONAL,H1;H2;H3;H5,Conditional on gate G3 and data collection; tests physical recapture and real capture
M-29,E1,Stage 1,Real-IAD,OPPO A5 2020 (3 GB),C1-C4,Natural (uncontrolled) device state,Any,Any,Any,OPTIONAL,-,Natural variation logged as exploratory covariate only; not confirmatory
M-30,E0-E3,Any,Any,Other smartphones,Any,Any,Any,Any,Any,NOT_APPLICABLE,-,Not part of the current experiment unless explicitly approved (decision D-16)
