paper_id,relevance_class,verification_status,metadata_issues,evidence_issues,duplicate_status,recommended_action
P001,A,"Verified: DOI resolves (doi.org); title, authors, year and venue match Crossref",None,None,Unique,Keep
P002,A,"Verified: DOI resolves (doi.org); title, authors, year and venue match Crossref",None,latency_evaluation=Yes rests on a comparative 'processing speed' claim; the abstract gives no latency figure,Unique,Keep; confirm latency figures during full-text review
P003,B,"Verified: DOI resolves (doi.org); title, authors, year and venue match Crossref",None,"latency_evaluation=Yes rests on 'evaluate the performance' of chipsets; the abstract does not mention latency or timing, and the evidence field has no latency item",Unique,Keep; confirm latency_evaluation from full text or downgrade to Unknown (researcher decision)
P004,B,"Verified: DOI resolves (doi.org); title, authors, year and venue match Crossref",None,"resource_awareness=Yes rests on benchmarking CPU/GPU consumption, not on resource-aware adaptation; the schema has no written definition of resource_awareness",Unique,"Keep; researcher to define resource_awareness, then re-check"
P005,C,"Verified: DOI resolves (doi.org); title, authors, year and venue match Crossref",None (retrieved by known-item lookup; group is a thematic assignment),on_device=Yes is inferred from 'models deployed on smartphones'; the study is a static analysis of app packages and the abstract does not say inference runs on the device (README rule: never infer on_device),Unique,Keep; review on_device coding against the README rule
P006,B,"Verified: DOI resolves (doi.org); title, authors, year and venue match Crossref",None (retrieved by known-item lookup; group is a thematic assignment); arXiv version 2109.13963 is not recorded in notes,"The evidence source is labelled 'OpenAlex/Crossref abstract', but the OpenAlex abstract is truncated. The claims (16k apps, energy footprint, gaugeNN) match the full abstract (Semantic Scholar/arXiv). latency_evaluation=Yes rests on 'performance across devices', with no explicit latency wording",Unique,Keep; correct the evidence source label; confirm latency_evaluation from full text
P007,A,"Verified: DOI resolves (doi.org); title, authors, year and venue match Crossref","Search log retains P007 under a G4 query ('thermal-aware edge AI'), but notes assign G1. The thematic fit with G1 is reasonable, but provenance and assignment differ",None,Unique,Keep; reconcile the group assignment with search_log.md
P008,B,"Verified: DOI resolves (doi.org); title, authors, year and venue match Crossref",None,None,Unique,Keep
P009,B,"Verified: DOI resolves (doi.org); title, authors, year and venue match Crossref",None (retrieved by known-item lookup; group is a thematic assignment),None,Unique,Keep
P010,C,"Verified: DOI resolves (doi.org); title, authors, year and venue match Crossref",None,None,Unique,Keep
P011,A,"Verified: DOI resolves (doi.org); title, authors, year and venue match Crossref",None,on_device=Yes rests on 'deployed on mobile devices' (deployment wording; acceptable). The device type is not stated,Unique,Keep
P012,B,"Verified: DOI resolves (doi.org); title, authors, year and venue match Crossref",None,None,Unique,Keep
P013,D,"Verified: DOI resolves (doi.org); title, authors, year and venue match Crossref",None,"edge_device=Yes rests on 'Edge Cloud Computing' plant IT infrastructure, not an edge inference device. The abstract does not say the inspection is image-based (notes already flag this)",Unique,Keep; full-text check whether the method is visual/image-based and whether edge_device should be Yes; reclassify afterwards
P014,B,"Verified: DOI resolves (doi.org); title, authors, year and venue match Crossref",None,None,Unique,Keep
P015,A,"Verified: DOI resolves (doi.org); title, authors, year and venue match Crossref",None,None,Unique,Keep
P016,A,"Verified: DOI resolves (doi.org); title, authors, year and venue match Crossref",None,None,Unique,Keep
P017,A,"Verified: DOI resolves (doi.org); title, authors, year and venue match Crossref",None,None,Unique,Keep
P018,A,"Verified: DOI resolves (doi.org); title, authors, year and venue match Crossref; abstract confirmed on Springer landing page",None,None,Unique,Keep
P019,A,"Verified: DOI resolves (doi.org); title, authors, year and venue match Crossref",None,None,Unique,Keep
P020,A,"Verified: DOI resolves (doi.org); title, authors, year and venue match Crossref",None,None,Unique,Keep
P021,B,"Verified: DOI resolves (doi.org); title, authors, year and venue match Crossref",Crossref venue 'Materials &amp; Design' is an HTML entity of the stored venue; not an error,None,Unique,Keep
P022,A,"Verified: DOI resolves (doi.org); title, authors, year and venue match Crossref",None,None,Unique,Keep
P023,A,"Verified: DOI resolves (doi.org); title, authors, year and venue match Crossref",None (retrieved by known-item lookup; group is a thematic assignment),None,Unique,Keep
P024,C,"Verified: DOI resolves (doi.org); title, authors, year and venue match Crossref; abstract confirmed on Springer landing page",None,None,Unique,Keep
P025,B,"Verified: DOI resolves (doi.org); title, authors, year and venue match Crossref",None (retrieved by known-item lookup; group is a thematic assignment),"uncertainty=Yes reflects confidence thresholds for early exit, not calibrated uncertainty (notes already state this)",Unique,Keep
P026,C,"Verified: DOI resolves (doi.org); title, authors, year and venue match Crossref",None (retrieved by known-item lookup; group is a thematic assignment),"adaptive_inference=Yes codes the survey's topic, not an evaluated system. This convention is not documented",Unique,Keep
P027,B,"Verified: DOI resolves (doi.org); title, authors, year and venue match Crossref",None,latency_evaluation=Yes has no explicit evidence item; the abstract claims 'low-latency' effectiveness without figures,Unique,Keep; add a latency evidence item or confirm from full text
P028,B,"Verified: DOI resolves (doi.org); title, authors, year and venue match Crossref",None (retrieved by known-item lookup; group is a thematic assignment); the ACM SIGPLAN Notices reprint (10.1145/3093336.3037698) is the same work and is already recorded in notes,"The evidence source is labelled 'OpenAlex/Crossref abstract', but the OpenAlex ASPLOS abstract is truncated. The figures (3.1x latency, 59.5% energy) were confirmed in the Crossref abstract of the SIGPLAN reprint",Same work also published as SIGPLAN Notices reprint; single row kept (correct),Keep
P029,A,"Verified: DOI resolves (doi.org); title, authors, year and venue match Crossref",None (retrieved by known-item lookup; group is a thematic assignment),None,Unique,Keep
P030,B,"Verified: DOI resolves (doi.org); title, authors, year and venue match Crossref",None (retrieved by known-item lookup; group is a thematic assignment),None,Unique,Keep
P031,A,"Verified: DOI resolves (doi.org); title, authors, year and venue match Crossref",None,"adaptive_inference=Yes rests on CPU/GPU frequency scaling (system-level), not on model-level adaptation. smartphone=Yes relies on identifying 'Mi 11 Lite' as a smartphone model (the abstract says 'mobile platform')",Unique,Keep; researcher to confirm that DVFS counts as adaptive_inference
P032,A,"Verified: DOI resolves (doi.org); title, authors, year and venue match Crossref",None,None,Unique,Keep
P033,A,"Verified: DOI resolves (doi.org); title, authors, year and venue match Crossref",None,None,Unique,Keep
P034,A,"Verified: DOI resolves (doi.org); title, authors, year and venue match Crossref",None,"latency_evaluation=Yes rests on adaptation time (<40 microseconds), not on inference latency",Unique,Keep; confirm inference-latency evaluation from full text
P035,C,"Verified: DOI resolves (doi.org); title, authors, year and venue match Crossref",None,"adaptive_inference=Yes codes the survey's topic, not an evaluated system",Unique,Keep
P036,C,"Verified: DOI resolves (doi.org); title, authors, year and venue match Crossref",None,None,Unique,Keep
P037,B,"Verified: DOI resolves (doi.org); title, authors, year and venue match Crossref",None,None,Unique,Keep
P038,B,"Verified: DOI resolves (doi.org); title, authors, year and venue match Crossref",None (retrieved by known-item lookup; group is a thematic assignment),None,Unique,Keep
P039,B,"Verified: DOI resolves (doi.org); title, authors, year and venue match Crossref",None,"latency_evaluation=Yes rests on throughput (pieces/min), not per-image latency (acceptable but interpretive)",Unique,Keep
P040,C,"Verified: DOI resolves (doi.org); title, authors, year and venue match Crossref","Group G5 fit is weak: 'multi-view' is a point-cloud representation, not multiple camera views (notes acknowledge this)",anomaly_detection=Yes rests on 'unsupervised method for defect detection' (interpretive),Unique,Keep
P041,B,"Verified: DOI resolves (doi.org); title, authors, year and venue match Crossref",None,None,Unique,Keep
P042,C,"Verified: DOI resolves (doi.org); title, authors, year and venue match Crossref",None,"The limitations field describes a field-wide limitation of automated planning (hard to verify/compare), not a limitation of this paper's own method, and the evidence field has no matching item",Unique,Keep; add an evidence item for limitations or reword it as field-level context
P043,B,"Verified: DOI resolves (doi.org); title, authors, year and venue match Crossref",None,None,Unique,Keep
P044,C,"Verified: DOI resolves (doi.org); title, authors, year and venue match Crossref",None,None,Unique,Keep
P045,B,"Verified: no DOI; title, authors and year match the proceedings landing page (NeurIPS 2017); arXiv 1705.08500 recorded in notes",None,None,Unique,Keep
P046,B,"Verified: no DOI; title, authors and year match the proceedings landing page (PMLR v97, ICML 2019); arXiv 1901.09192 recorded in notes",None,None,Unique,Keep
P047,B,"Verified: DOI resolves (doi.org); title, authors, year and venue match Crossref",Crossref title has <sup> markup (U<sup>2</sup>D<sup>2</sup>PCB); the stored plain-text title is equivalent,None,Unique,Keep
P048,C,"Verified: DOI resolves (doi.org); title, authors, year and venue match Crossref",None,None,Unique,Keep
P049,B,"Verified: DOI resolves (doi.org); title, authors, year and venue match Crossref",Crossref venue 'Reliability Engineering &amp; System Safety' is an HTML entity of the stored venue; not an error,None,Unique,Keep
P050,B,"Verified: DOI resolves (doi.org); title, authors, year and venue match Crossref",None,None,Unique,Keep
P051,C,"Verified: DOI resolves (doi.org); title, authors, year and venue match Crossref",None,None,Unique,Keep
P052,C,"Verified: DOI resolves (doi.org); title, authors, year and venue match Crossref",None,None,Unique,Keep
P053,B,"Verified: DOI resolves (doi.org); title, authors, year and venue match Crossref",None,None,Unique,Keep
P054,B,"Verified preprint (not peer-reviewed): DOI resolves (DataCite); title, 7 authors and year match DataCite","None (retrieved by known-item lookup; group is a thematic assignment); venue is 'arXiv preprint'; an SSRN posting (10.2139/ssrn.4042653, 2022) exists and notes mention SSRN without recording its DOI",None,Same work also posted on SSRN (10.2139/ssrn.4042653); single row kept (correct),Keep; record the SSRN DOI in notes; re-check for a peer-reviewed version
