paper_id,title,year,venue,domain,application,dataset,model,hardware,smartphone,edge_device,on_device,cloud,adaptive_inference,resource_awareness,energy_evaluation,thermal_evaluation,multi_view,uncertainty,anomaly_detection,latency_evaluation,accuracy_metrics,limitations,evidence,notes
P001,Deep learning smartphone application for real‐time detection of defects in buildings,2021,Structural Control and Health Monitoring,Smartphone / Mobile AI,"Real-time detection of building defects (cracks, mould, stain, paint deterioration)",Unknown,Deep learning model (architecture not stated in abstract),Smartphone (model not stated in abstract),true,unknown,unknown,unknown,unknown,unknown,unknown,unknown,unknown,unknown,unknown,unknown,Unspecified,Unspecified,[Verified; source: abstract via OpenAlex/Crossref abstract] The work develops a smartphone application for defect detection. -> Abstract describes a deep learning-based smartphone app for real-time detection of four building defect types. | Inference location (on-device vs server). -> Abstract does not state where inference executes; on_device left Unknown.,Search group G1. Abstract-level extraction (2026-10-01). Real-time claim stated without a reported latency figure in the abstract; full text needed for hardware and on-device confirmation.
P002,A Road Defect Detection System Using Smartphones,2024,Sensors,Smartphone / Mobile AI,"Road defect classification (speed bumps, manholes, potholes)",Automatically collected and labelled smartphone data,CNN-based classifier,Commercial smartphones,true,unknown,unknown,unknown,unknown,unknown,unknown,unknown,unknown,unknown,unknown,true,Unspecified,Unspecified,[Verified; source: abstract via OpenAlex/Crossref abstract] Smartphone-based system. -> Abstract presents automatic data collection and a deep learning model for road defect detection on smartphones. | Speed evaluated. -> Abstract reports the CNN outperforms conventional models in accuracy and processing speed.,Search group G1. Abstract-level extraction (2026-10-01). Abstract wording ('on smartphones') suggests but does not explicitly confirm on-device inference; on_device left Unknown pending full text.
P003,AI Benchmark: All About Deep Learning on Smartphones in 2019,2019,2019 IEEE/CVF International Conference on Computer Vision Workshop (ICCVW),Smartphone / Mobile AI,Benchmarking AI inference acceleration on smartphone SoCs,AI Benchmark tasks,Multiple DNNs,"Mobile chipsets from Qualcomm, HiSilicon, Samsung, MediaTek, Unisoc",true,unknown,true,unknown,unknown,unknown,unknown,unknown,unknown,unknown,unknown,true,Unspecified,Unspecified,[Verified; source: abstract via OpenAlex/Crossref abstract] On-device smartphone inference is evaluated. -> Abstract evaluates performance of all chipsets from five vendors that provide hardware acceleration for AI inference on mobile devices. | Android ML pipeline discussed. -> Abstract discusses recent changes in the Android ML pipeline and deployment of DL models on mobile devices.,Search group G1. Abstract-level extraction (2026-10-01). Performance benchmarking; latency_evaluation=Yes refers to accelerator performance benchmarking.
P004,Guidelines and Benchmarks for Deployment of Deep Learning Models on Smartphones as Real-Time Apps,2019,Machine Learning and Knowledge Extraction,Smartphone / Mobile AI,Real-time deployment of DL inference networks as smartphone apps,Unknown,Six CNN models,Android and iOS smartphones,true,unknown,true,unknown,unknown,true,unknown,unknown,unknown,unknown,unknown,true,Unspecified,Unspecified,"[Verified; source: abstract via OpenAlex/Crossref abstract] On-device smartphone deployment. -> Abstract devises a uniform implementation flow for real-time deployment of DL inference networks on Android and iOS smartphones. | Resource and throughput benchmarking. -> Benchmarking framework covers accuracy, CPU/GPU consumption and real-time throughput; multi-threading used to improve throughput.",Search group G1. Abstract-level extraction (2026-10-01).
P005,A First Look at Deep Learning Apps on Smartphones,2019,The World Wide Web Conference,Smartphone / Mobile AI,Empirical study of deep learning usage in Android apps,"16,500 popular Android apps",DL models extracted from apps,Android smartphones,true,unknown,true,unknown,unknown,unknown,unknown,unknown,unknown,unknown,unknown,unknown,Unspecified,Unspecified,"[Verified; source: abstract via OpenAlex/Crossref abstract] Studies DL models deployed in smartphone apps. -> Abstract reports an empirical study of 16,500 popular Android apps using a static tool to analyse their deep learning functions and models.",Search group G1. Abstract-level extraction (2026-10-01). Any priority wording in the title is the authors' own and is not adopted by PocketInspect.
P006,Smart at what cost?: Characterising Mobile Deep Neural Networks in the Wild,2021,Proceedings of the 21st ACM Internet Measurement Conference,Smartphone / Mobile AI,Measurement of DNN deployment and performance across smartphones,Over 16k popular Google Play apps,DNNs extracted from apps,Smartphones across tiers and generations,true,unknown,true,unknown,unknown,unknown,true,unknown,unknown,unknown,unknown,true,Unspecified,Unspecified,[Verified; source: abstract via OpenAlex/Crossref abstract] On-device DNN performance measured across device tiers. -> Abstract analyses over 16k apps and measures how their DNNs run on devices of different capabilities across tiers and generations. | Energy measured. -> Abstract states the models' energy footprint is measured; the gaugeNN tool automates deployment and measurement.,Search group G1. Abstract-level extraction (2026-10-01). Title on Crossref: 'Smart at what cost?'; full title includes 'Characterising Mobile Deep Neural Networks in the wild'.
P007,Pothole Detection Using Deep Learning: A Real‐Time and AI‐on‐the‐Edge Perspective,2022,Advances in Civil Engineering,Edge AI / Embedded vision,Real-time pothole detection on an edge AI device,Pothole image dataset (diverse road and illumination conditions) plus real-time vehicle video,"YOLOv1-v5, Tiny-YOLOv4, SSD-MobileNetV2",OAK-D AI kit on Raspberry Pi,false,true,true,unknown,unknown,unknown,unknown,unknown,unknown,unknown,unknown,true,"mAP: Tiny-YOLOv4 80.04%, YOLOv4 85.48%, YOLOv5 95% (image set); Tiny-YOLOv4 90% detection accuracy at 31.76 FPS on OAK-D",Unspecified,[Verified; source: abstract via OpenAlex/Crossref abstract] Edge deployment on low-cost hardware. -> Abstract deploys detectors on OAK-D attached to a Raspberry Pi as the edge platform. | Latency/FPS reported. -> Abstract reports Tiny-YOLOv4 at 90% detection accuracy and 31.76 FPS.,Search group G1. Abstract-level extraction (2026-10-01). smartphone=No because the abstract explicitly specifies OAK-D + Raspberry Pi hardware.
P008,Segmentation-based deep-learning approach for surface-defect detection,2019,Journal of Intelligent Manufacturing,Industrial Visual Inspection,Surface-crack detection and segmentation for quality control,Newly created real-world quality-control dataset (publicly released),Segmentation-based deep learning architecture,Unknown,unknown,unknown,unknown,unknown,unknown,unknown,unknown,unknown,unknown,unknown,unknown,unknown,Unspecified,Unspecified,[Verified; source: abstract via Semantic Scholar] Learns from few defective samples. -> Abstract reports learning from roughly 25-30 defective training samples. | Dataset released. -> Abstract states the dataset is based on a real quality-control case and made publicly available.,Search group G2. Abstract-level extraction (2026-10-01). Abstract mentions experiments on required computational cost but gives no device or latency figures.
P009,MVTec AD — A Comprehensive Real-World Dataset for Unsupervised Anomaly Detection,2019,2019 IEEE/CVF Conference on Computer Vision and Pattern Recognition (CVPR),Industrial Visual Inspection,Unsupervised anomaly detection benchmark dataset,"MVTec AD (5,354 high-resolution images; >70 defect types; pixel-level ground truth)","Benchmarked: convolutional autoencoders, GANs, pretrained-CNN feature descriptors, classical methods",Unknown,unknown,unknown,unknown,unknown,unknown,unknown,unknown,unknown,unknown,unknown,true,unknown,Unspecified,Unspecified,[Verified; source: abstract via OpenAlex/Crossref abstract] Unsupervised anomaly detection dataset. -> Abstract introduces MVTec AD with defect-free training images and anomalous test images with pixel-precise ground truth. | Benchmark of methods. -> Abstract evaluates deep and classical unsupervised anomaly detection methods.,Search group G2. Abstract-level extraction (2026-10-01).
P010,Deep Learning for Automated Visual Inspection in Manufacturing and Maintenance: A Survey of Open- Access Papers,2024,Applied System Innovation,Industrial Visual Inspection,Survey of deep learning for automated visual inspection in manufacturing and maintenance,196 open-access publications,Survey (CNNs dominant; vision transformers emerging),Unknown,unknown,unknown,unknown,unknown,unknown,unknown,unknown,unknown,unknown,unknown,unknown,unknown,Unspecified,Unspecified,"[Verified; source: abstract via OpenAlex/Crossref abstract] Survey scope. -> Abstract surveys 196 open-access publications (31.7% manufacturing, 68.3% maintenance use cases). | Reported findings. -> Abstract reports 97% use supervised learning, median dataset size 2,500 samples, and an approximately three-year lag between CV research and industrial inspection uptake.",Search group G2. Abstract-level extraction (2026-10-01). Survey; device-related fields not applicable at abstract level.
P011,XEdgeAI: A human-centered industrial inspection framework with data-centric Explainable Edge AI approach,2025,Information Fusion,Industrial Visual Inspection / Edge AI,Explainable visual quality inspection with semantic segmentation on low-resource edge devices,Unknown,Semantic segmentation model + XAI + Large Vision Language Model explanations,Low-resource edge / mobile devices (models not stated in abstract),unknown,true,true,unknown,unknown,unknown,unknown,unknown,unknown,unknown,unknown,unknown,Unspecified,Unspecified,"[Verified; source: abstract via OpenAlex/Crossref abstract] Edge deployment. -> Abstract targets deployment of semantic segmentation models on low-resource edge devices. | Mobile deployment reported. -> Abstract states the enhanced model is deployed on mobile devices, with competitive accuracy and significantly reduced model size.","Search group G2. Abstract-level extraction (2026-10-01). 'Mobile devices' in abstract; smartphone use not explicitly confirmed, so smartphone=Unknown. Crossref issued year 2025; OpenAlex lists 2024 (online ahead of print)."
P012,Real-Time Defect Detection Model in Industrial Environment Based on Lightweight Deep Learning Network,2023,Electronics,Industrial Visual Inspection,Lightweight real-time industrial surface defect detection,Four public datasets (names not in abstract),"Lightweight detector: attention backbone, multiscale aggregation, residual and attention enhancement networks",Unknown,unknown,unknown,unknown,unknown,unknown,unknown,unknown,unknown,unknown,unknown,unknown,unknown,"Outperforms YOLOv5n and YOLOv8n on P, R, F1, mAP@.5 and GFLOPS (values not in abstract)",Unspecified,"[Verified; source: abstract via OpenAlex/Crossref abstract] Lightweight design motivated by GPU-less/edge deployment. -> Abstract motivates a lightweight network because general detectors are hard to deploy on devices without GPUs or on edge and mobile devices. | Compared with YOLO nano models. -> Abstract reports better P, R, F1, mAP@.5 and GFLOPS than YOLOv5n and YOLOv8n on four public datasets.","Search group G2. Abstract-level extraction (2026-10-01). Edge/mobile deployment is a motivation; no on-device evaluation is stated in the abstract, so edge_device and on_device stay Unknown."
P013,Predictive model-based quality inspection using Machine Learning and Edge Cloud Computing,2020,Advanced Engineering Informatics,Industrial Quality Inspection / Edge-Cloud,Predictive model-based quality inspection in SMT manufacturing,Real industrial SMT use case,Machine learning (models not stated in abstract),Edge Cloud Computing infrastructure,unknown,true,unknown,true,unknown,unknown,unknown,unknown,unknown,unknown,unknown,unknown,Unspecified,Unspecified,[Verified; source: abstract via OpenAlex/Crossref abstract] Edge cloud computing used. -> Abstract investigates predictive model-based quality inspection using ML and Edge Cloud Computing in the existing plant IT infrastructure. | Outcome. -> Abstract reports inspection volumes can be reduced significantly.,"Search group G2. Abstract-level extraction (2026-10-01). Abstract does not state that the approach is image-based; it may rely on process data. Treat as system-level context, not a CV baseline."
P014,A Real-Time Automated Defect Detection System for Ceramic Pieces Manufacturing Process Based on Computer Vision with Deep Learning,2023,Sensors,Industrial Visual Inspection,Real-time defect detection on ceramic pieces in production,Images from in-house acquisition and labelling platform,CNN-based classifier,Unknown,unknown,unknown,unknown,unknown,unknown,unknown,unknown,unknown,unknown,unknown,unknown,unknown,"Accuracy 98.00%, F1 97.29%",Unspecified,[Verified; source: abstract via OpenAlex/Crossref abstract] Industrial deployment. -> Abstract describes a CNN-based system that runs in real time and was implemented and evaluated at a Portuguese tableware manufacturer. | Metrics. -> Abstract reports 98.00% accuracy and 97.29% F1-score.,Search group G2. Abstract-level extraction (2026-10-01). Real-time claim without latency figure in abstract.
P015,Generalisable 3D printing error detection and correction via multi-head neural networks,2022,Nature Communications,3D-Print Inspection,Real-time error detection and correction in material extrusion 3D printing,1.2 million images from 192 parts labelled with printing parameters,Multi-head neural network with control loop,Unknown,unknown,unknown,unknown,unknown,unknown,unknown,unknown,unknown,unknown,unknown,unknown,unknown,Unspecified,Unspecified,"[Verified; source: abstract via OpenAlex/Crossref abstract] Large automatically labelled dataset. -> Abstract reports 1.2 million images from 192 parts labelled by deviation from optimal printing parameters. | Real-time detection and correction. -> Abstract states the network plus control loop enables real-time detection and rapid correction across geometries, materials, printers and toolpaths.",Search group G3. Abstract-level extraction (2026-10-01).
P016,Real-Time 3D Printing Remote Defect Detection (Stringing) with Computer Vision and Artificial Intelligence,2020,Processes,3D-Print Inspection,Real-time stringing defect detection during FFF printing from camera video,Images showing stringing defects,Deep CNN,Microprocessor plus camera (not specified in abstract),unknown,unknown,unknown,unknown,unknown,unknown,unknown,unknown,unknown,unknown,unknown,unknown,Unspecified,Unspecified,[Verified; source: abstract via OpenAlex/Crossref abstract] Video-based in-process detection. -> Abstract trains a deep CNN on stringing images and deploys it on a live video camera feed during printing.,Search group G3. Abstract-level extraction (2026-10-01). Hardware described only generically; edge_device left Unknown.
P017,Automated Process Monitoring in 3D Printing Using Supervised Machine Learning,2018,Procedia Manufacturing,3D-Print Inspection,Good/defective classification of semi-finished 3D printed parts,ABS and PLA printed parts imaged at critical print stages,Support vector machine,Camera integrated with printer,unknown,unknown,unknown,unknown,unknown,unknown,unknown,unknown,unknown,unknown,unknown,unknown,Unspecified,Unspecified,[Verified; source: abstract via OpenAlex/Crossref abstract] Camera images at multiple print stages. -> Abstract takes images of semi-finished parts at several critical stages and classifies them with an SVM as good or defective.,"Search group G3. Abstract-level extraction (2026-10-01). Images are taken at different print stages (temporal), not from multiple viewpoints; multi_view left Unknown."
P018,Real-time defect detection for FFF 3D printing using lightweight model deployment,2024,The International Journal of Advanced Manufacturing Technology,3D-Print Inspection,Real-time detection of five common FFF printing defects,Deliberately designed defect dataset (five defect types),Improved YOLOv8 with lightweight group-convolution detection head,Unknown,unknown,unknown,unknown,unknown,unknown,unknown,unknown,unknown,unknown,unknown,unknown,true,mAP50 97.5%; FPS +18.1%; GFLOPs -32.9% vs baseline YOLOv8,Unspecified,"[Verified; source: abstract via Springer landing page] Lightweight detector for FFF defects. -> Abstract reports an improved YOLOv8 head using group convolution, reaching 97.5% mAP50 with 18.1% higher FPS and 32.9% fewer GFLOPs. | Real-time system. -> Abstract states the model is integrated into a real-time detection system that alerts on defects.",Search group G3. Abstract-level extraction (2026-10-01). Abstract retrieved from the Springer landing page.
P019,Real-time defect detection in 3D printing using machine learning,2021,Materials Today: Proceedings,3D-Print Inspection,Real-time detection of infill defects in 3D printing,Unknown,CNN image classifier,Camera integrated with 3D printer,unknown,unknown,unknown,unknown,unknown,unknown,unknown,unknown,unknown,unknown,unknown,unknown,Unspecified,Unspecified,[Verified; source: abstract via Semantic Scholar] Camera images classified by CNN. -> Abstract captures images at regular intervals with a printer-integrated camera and classifies infill anomalies with a CNN.,Search group G3. Abstract-level extraction (2026-10-01). Crossref issued year 2021; OpenAlex lists 2020.
P020,Enhancing Surface Fault Detection Using Machine Learning for 3D Printed Products,2021,Applied System Innovation,3D-Print Inspection,Layer-wise fault detection in FDM printing,Unknown,Pretrained CNN features + ML classifiers (AlexNet + SVM best),Unknown,unknown,unknown,unknown,unknown,unknown,unknown,unknown,unknown,unknown,unknown,unknown,unknown,Unspecified,Unspecified,[Verified; source: abstract via OpenAlex/Crossref abstract] Layer-wise detection. -> Abstract performs layer-wise anomaly detection in FDM using pre-trained models combined with ML algorithms; AlexNet+SVM gave the highest accuracy.,Search group G3. Abstract-level extraction (2026-10-01). Abstract uses the term 'anomaly detection' but describes supervised classifiers; anomaly_detection left Unknown.
P021,Geometrical defect detection for additive manufacturing with machine learning models,2021,Materials & Design,3D-Print Inspection,Geometric defect detection of additively manufactured objects from 3D point clouds,Synthetic 3D point clouds with defects; experimental prints,"Bagging, Gradient Boosting, Random Forest, KNN, Linear SVM",Unknown,unknown,unknown,unknown,unknown,unknown,unknown,unknown,unknown,unknown,unknown,unknown,unknown,Unspecified,Unspecified,[Verified; source: abstract via OpenAlex/Crossref abstract] Point-cloud based detection. -> Abstract trains ML models on synthetic defective point clouds and applies them to real prints; Bagging and Random Forest performed best.,"Search group G3. Abstract-level extraction (2026-10-01). Uses 3D point clouds, not RGB images."
P022,Defect detection in 3D-printed polymer parts using deep learning models: a comparative investigation,2025,Rapid Prototyping Journal,3D-Print Inspection,"Warping, stringing and cracking detection in 3D-printed PLA/ABS parts","Defect images from Taguchi L9 design (extruder temp, bed temp, print speed) on a Delta printer","DenseNet121, MobileNetV2, ResNet50, VGG16, XceptionNet (transfer learning)",Raspberry Pi-based data acquisition,unknown,unknown,unknown,unknown,unknown,unknown,unknown,unknown,unknown,unknown,unknown,unknown,Warping 98.59% (DenseNet121); stringing 99.38% (MobileNetV2); cracking 99.32% (XceptionNet); multi-class 98.90% (MobileNetV2),Unspecified,"[Verified; source: abstract via OpenAlex/Crossref abstract] Defect types and models. -> Abstract compares five transfer-learned CNNs for warping, stringing and cracking, individually and multi-class. | MobileNetV2 strongest for multi-class. -> Abstract reports MobileNetV2 achieved 98.90% accuracy for multiple-defect detection.","Search group G3. Abstract-level extraction (2026-10-01). Raspberry Pi is used for data acquisition; abstract does not say inference runs on it, so edge_device/on_device stay Unknown."
P023,Autonomous in-situ correction of fused deposition modeling printers using computer vision and deep learning,2019,Manufacturing Letters,3D-Print Inspection,Real-time monitoring and autonomous correction of FDM extrusion errors,Unknown,Deep learning model with feedback loop,Unknown,unknown,unknown,unknown,unknown,unknown,unknown,unknown,unknown,unknown,unknown,unknown,unknown,Unspecified,Unspecified,[Verified; source: abstract via Semantic Scholar] Closed-loop correction. -> Abstract describes a real-time monitoring and autonomous correction system that uses a deep learning model and feedback loop to adjust printing parameters.,"Search group G3. Abstract-level extraction (2026-10-01). Adaptation here is of printer parameters, not of the inference pipeline; adaptive_inference left Unknown."
P024,"A review on machine learning in 3D printing: applications, potential, and challenges",2020,Artificial Intelligence Review,3D-Print Inspection,Review of machine learning across the additive manufacturing workflow,Review,Review,Unknown,unknown,unknown,unknown,unknown,unknown,unknown,unknown,unknown,unknown,unknown,unknown,unknown,Unspecified,"Authors list computational cost, qualification standards and data acquisition techniques as open challenges (abstract).","[Verified; source: abstract via Springer landing page] Review scope. -> Abstract reviews ML for design, material tuning, process optimisation, in-situ monitoring, cloud service and cybersecurity in AM. | Stated challenges. -> Abstract names computational cost, qualification standards and data acquisition as challenges and calls for data sharing standards.",Search group G3. Abstract-level extraction (2026-10-01). Abstract retrieved from the Springer landing page.
P025,BranchyNet: Fast inference via early exiting from deep neural networks,2016,2016 23rd International Conference on Pattern Recognition (ICPR),Adaptive Inference,Early-exit deep networks for faster inference,"MNIST, CIFAR10","BranchyNet applied to LeNet, AlexNet, ResNet",Unknown,unknown,unknown,unknown,unknown,true,unknown,unknown,unknown,unknown,true,unknown,true,Unspecified,Unspecified,[Verified; source: abstract via OpenAlex/Crossref abstract] Confidence-based early exit. -> Abstract adds side-branch classifiers so samples exit early when they can be inferred with high confidence. | Inference time reduced. -> Abstract reports improved accuracy and significantly reduced inference time.,Search group G4. Abstract-level extraction (2026-10-01). uncertainty=Yes because prediction confidence is explicitly used for the exit decision; this is not a calibrated uncertainty estimate. Pre-2019 foundational paper.
P026,Dynamic Neural Networks: A Survey,2022,IEEE Transactions on Pattern Analysis and Machine Intelligence,Adaptive Inference,Survey of dynamic neural networks,Survey,"Sample-wise, spatial-wise and temporal-wise dynamic networks",Unknown,unknown,unknown,unknown,unknown,true,unknown,unknown,unknown,unknown,unknown,unknown,unknown,Unspecified,Unspecified,"[Verified; source: abstract via OpenAlex/Crossref abstract] Survey taxonomy. -> Abstract categorises dynamic networks into sample-wise, spatial-wise and temporal-wise models and reviews design, decision schemes and optimisation.",Search group G4. Abstract-level extraction (2026-10-01). Survey. Crossref issued year 2022; OpenAlex lists 2021 (early access).
P027,Edge AI: On-Demand Accelerating Deep Neural Network Inference via Edge Computing,2020,IEEE Transactions on Wireless Communications,Adaptive Inference / Edge Computing,Device-edge collaborative DNN inference with partitioning and early exit,Unknown,Edgent (DNN partitioning + right-sizing via early exit),Raspberry Pi and desktop PC prototype,unknown,true,unknown,unknown,true,true,unknown,unknown,unknown,unknown,unknown,true,Unspecified,Unspecified,[Verified; source: abstract via OpenAlex/Crossref abstract] Adaptive partitioning and early exit. -> Abstract describes adaptive DNN partitioning between device and edge plus early-exit right-sizing. | Bandwidth-aware runtime adaptation. -> Abstract uses regression models in static and online change-point detection in dynamic bandwidth environments. | Prototype hardware. -> Abstract implements a Raspberry Pi and desktop PC prototype.,"Search group G4. Abstract-level extraction (2026-10-01). Offloads to a proximal edge server, not explicitly a cloud datacenter; cloud left Unknown. Crossref issued year 2020; OpenAlex lists 2019."
P028,Neurosurgeon: Collaborative Intelligence Between the Cloud and Mobile Edge,2017,Proceedings of the Twenty-Second International Conference on Architectural Support for Programming Languages and Operating Systems,Adaptive Inference / Mobile-Cloud,Layer-level DNN partitioning between mobile device and datacenter,"8 intelligent applications (vision, speech, NLP)",Neurosurgeon scheduler,Mobile development platform (model not stated in abstract),unknown,unknown,unknown,true,true,true,true,unknown,unknown,unknown,unknown,true,End-to-end latency 3.1x avg (up to 40.7x) better; mobile energy -59.5% avg (up to -94.7%),Unspecified,"[Verified; source: abstract via OpenAlex/Crossref abstract] Adaptive partitioning. -> Abstract describes a scheduler that partitions DNN computation between mobile and datacenter, adapting to hardware, wireless network and server load. | Latency and energy evaluated. -> Abstract reports 3.1x average latency improvement and 59.5% average mobile energy reduction.",Search group G4. Abstract-level extraction (2026-10-01). Full abstract taken from the ACM SIGPLAN Notices reprint (10.1145/3093336.3037698) of the same paper. Pre-2019 foundational paper.
P029,NestDNN: Resource-Aware Multi-Tenant On-Device Deep Learning for Continuous Mobile Vision,2018,Proceedings of the 24th Annual International Conference on Mobile Computing and Networking,Adaptive Inference / Mobile Vision,Resource-aware multi-tenant on-device deep learning for continuous mobile vision,Unknown,NestDNN,Mobile vision systems (platform not stated in abstract),unknown,unknown,true,unknown,true,true,true,unknown,unknown,unknown,unknown,true,"Up to +4.2% accuracy, 2.0x frame rate, 1.7x lower energy vs resource-agnostic baseline",Unspecified,"[Verified; source: abstract via OpenAlex/Crossref abstract] Runtime resource adaptation. -> Abstract selects resource-accuracy trade-offs per model at runtime to fit available resources. | Energy and frame rate. -> Abstract reports up to 4.2% higher accuracy, 2.0x frame processing rate and 1.7x energy reduction.",Search group G4. Abstract-level extraction (2026-10-01). Abstract lists smartphones among example mobile vision systems but does not state the evaluation device; smartphone=Unknown.
P030,MCDNN: An Approximation-Based Execution Framework for Deep Stream Processing Under Resource Constraints,2016,"Proceedings of the 14th Annual International Conference on Mobile Systems, Applications, and Services",Adaptive Inference / Mobile-Cloud,Approximate model scheduling for mobile video DNNs under resource constraints,Unknown,MCDNN compiler and runtime scheduler,Cloud-backed mobile devices,unknown,unknown,unknown,true,true,true,true,unknown,unknown,unknown,unknown,unknown,Unspecified,Unspecified,"[Verified; source: abstract via OpenAlex/Crossref abstract] Resource-constrained scheduling. -> Abstract trades DNN accuracy for resource use and reasons about on-device vs cloud execution under battery, data and cloud-cost budgets. | Energy characterised. -> Abstract characterises accuracy trade-offs against memory, computation and energy.",Search group G4. Abstract-level extraction (2026-10-01). Pre-2019 foundational paper.
P031,LOTUS: learning-based online thermal and latency variation management for two-stage detectors on edge devices,2024,Proceedings of the 61st ACM/IEEE Design Automation Conference,Thermal-aware Edge AI,Thermal and latency-variation management for two-stage detectors,Unknown,LOTUS (DRL-based joint CPU/GPU frequency scaling),NVIDIA Jetson Orin Nano; Mi 11 Lite mobile platform,true,true,true,unknown,true,true,unknown,true,unknown,unknown,unknown,true,Unspecified,Unspecified,[Verified; source: abstract via OpenAlex/Crossref abstract] Thermal throttling addressed. -> Abstract scales CPU and GPU frequencies online with deep RL to avoid thermal throttling and stabilise inference speed. | Evaluated platforms. -> Abstract implements LOTUS on NVIDIA Jetson Orin Nano and Mi 11 Lite mobile platforms and reports lower CPU/GPU temperatures.,Search group G4. Abstract-level extraction (2026-10-01). smartphone=Yes because the abstract names the Mi 11 Lite mobile platform (a smartphone model).
P032,Phoenix: Thermal-Aware On-Device Inference of Multi-Instance DNNs for Mobile Video Applications,2026,ACM Transactions on Embedded Computing Systems,Thermal-aware Edge AI,Thermal-aware multi-DNN on-device inference for mobile video,Two benchmarks + Virtual YouTuber streaming app,Phoenix (RL task allocation + multi-exit networks),Mobile devices with heterogeneous processors,unknown,unknown,true,unknown,true,true,unknown,true,unknown,unknown,unknown,true,Unspecified,Unspecified,[Verified; source: abstract via OpenAlex/Crossref abstract] Thermal-aware allocation. -> Abstract allocates DNN tasks across heterogeneous processors using RL to model thermal dynamics and delay throttling. | Multi-exit adaptation. -> Abstract uses multi-exit networks to keep frame rates consistent once throttling occurs.,"Search group G4. Abstract-level extraction (2026-10-01). 'Mobile devices' in abstract; smartphone model not stated, so smartphone=Unknown."
P033,CARIn: Constraint-Aware and Responsive Inference on Heterogeneous Devices for Single- and Multi-DNN Workloads,2024,ACM Transactions on Embedded Computing Systems,Adaptive Inference / Mobile,Constraint-aware runtime adaptation for single- and multi-DNN workloads on heterogeneous mobile devices,"Text classification, scene recognition, face analysis tasks",CARIn (multi-objective optimisation + RASS solver),Heterogeneous mobile devices,unknown,unknown,true,unknown,true,true,unknown,unknown,unknown,unknown,unknown,unknown,Unspecified,Unspecified,"[Verified; source: abstract via OpenAlex/Crossref abstract] Runtime adaptation under SLOs. -> Abstract optimises on-device DNN execution under user-defined service-level objectives with low-overhead runtime adaptation. | Resource contention and heterogeneity. -> Abstract addresses device heterogeneity and multi-DNN resource contention, reporting up to 4.06x gain over hardware-unaware designs.",Search group G4. Abstract-level extraction (2026-10-01). smartphone=Unknown (abstract says mobile devices).
P034,REDS: Resource-Efficient Deep Subnetworks for Dynamic Resource Constraints,2026,IEEE Transactions on Mobile Computing,Adaptive Inference / Edge,Deep subnetworks that adapt to dynamic resource constraints on edge devices,"Visual Wake Words, Google Speech Commands, Fashion-MNIST, CIFAR-10, ImageNet-1K",REDS,Four mobile and embedded platforms incl. Arduino Nano 33 BLE,unknown,true,true,unknown,true,true,unknown,unknown,unknown,unknown,unknown,true,Unspecified,Unspecified,"[Verified; source: abstract via OpenAlex/Crossref abstract] Adapts to variable resources. -> Abstract introduces subnetworks that adapt at runtime to resource variability from energy levels, timing constraints or task priorities. | Hardware and adaptation time. -> Abstract tests on four off-the-shelf mobile and embedded platforms with adaptation time under 40 microseconds on Arduino Nano 33 BLE.",Search group G4. Abstract-level extraction (2026-10-01). Crossref issued year 2026; OpenAlex lists 2025 (early access).
P035,Split Computing and Early Exiting for Deep Learning Applications: Survey and Research Challenges,2022,ACM Computing Surveys,Adaptive Inference,Survey of split computing and early exiting,Survey,Split computing and early-exit methods,Unknown,unknown,unknown,unknown,unknown,true,unknown,unknown,unknown,unknown,unknown,unknown,unknown,Unspecified,Unspecified,"[Verified; source: abstract via OpenAlex/Crossref abstract] Survey scope. -> Abstract surveys split computing (head on device, tail on edge) and early exiting, where the accuracy-delay trade-off is tuned to current conditions.",Search group G4. Abstract-level extraction (2026-10-01). Survey.
P036,Efficient Acceleration of Deep Learning Inference on Resource-Constrained Edge Devices: A Review,2023,Proceedings of the IEEE,Edge AI Efficiency,Review of efficient DL inference on resource-constrained edge devices,Review,"Review (architectures, model optimisation, HW/SW co-design, accelerators)",Unknown,unknown,unknown,unknown,unknown,unknown,unknown,unknown,unknown,unknown,unknown,unknown,unknown,Unspecified,Unspecified,"[Verified; source: abstract via OpenAlex/Crossref abstract] Review scope. -> Abstract reviews four directions: efficient architectures, optimisation of existing methods, algorithm-hardware co-design and accelerator design.",Search group G4. Abstract-level extraction (2026-10-01). Review. Crossref issued year 2023; OpenAlex lists 2022.
P037,Real-IAD: A Real-World Multi-View Dataset for Benchmarking Versatile Industrial Anomaly Detection,2024,2024 IEEE/CVF Conference on Computer Vision and Pattern Recognition (CVPR),Multi-view Industrial Inspection,Multi-view industrial anomaly detection benchmark,"Real-IAD (150K high-resolution images, 30 objects)",Benchmarked popular IAD methods,Unknown,unknown,unknown,unknown,unknown,unknown,unknown,unknown,unknown,true,unknown,true,unknown,Unspecified,Unspecified,[Verified; source: abstract via OpenAlex/Crossref abstract] Multi-view capture. -> Abstract states a multi-view shooting method was adopted and sample-level metrics proposed. | Scale and setting. -> Abstract reports 150K images of 30 objects and a fully unsupervised IAD setting.,Search group G5. Abstract-level extraction (2026-10-01).
P038,MANTA: A Large-Scale Multi-View and Visual-Text Anomaly Detection Dataset for Tiny Objects,2025,2025 IEEE/CVF Conference on Computer Vision and Pattern Recognition (CVPR),Multi-view Industrial Inspection,Multi-view visual-text anomaly detection dataset for tiny objects,"MANTA (137.3K images, 38 categories, 8.6K anomalous; 5 viewpoints per object)",Baseline for visual-text tasks,Unknown,unknown,unknown,unknown,unknown,unknown,unknown,unknown,unknown,true,unknown,true,unknown,Unspecified,Unspecified,[Verified; source: abstract via OpenAlex/Crossref abstract] Five viewpoints per image set. -> Abstract states each image is captured from five distinct viewpoints for comprehensive object coverage. | Small objects. -> Abstract targets tiny objects across five domains with pixel-level anomaly labels.,Search group G5. Abstract-level extraction (2026-10-01).
P039,Research on Defect Detection of the Outer Side of Bottle Cap Based on High Angle and Multi-View Vision System,2023,IEEE Access,Multi-view Industrial Inspection,Defect detection on outer side of bottle caps,Unknown,"Background reconstruction of line structure element (BRLSE), classical image processing","High-angle annular illumination, four-view imaging system",unknown,unknown,unknown,unknown,unknown,unknown,unknown,unknown,true,unknown,unknown,true,Inspection speed > 400 pcs/min; accuracy > 95%,Unspecified,[Verified; source: abstract via OpenAlex/Crossref abstract] Four imaging views. -> Abstract completes imaging of the cap's outer side in four views under high-angle annular illumination. | Throughput and accuracy. -> Abstract reports speed better than 400 pcs/min and accuracy better than 95%.,Search group G5. Abstract-level extraction (2026-10-01). Classical (non-deep-learning) method.
P040,MVGCN: Multi-View Graph Convolutional Neural Network for Surface Defect Identification Using Three-Dimensional Point Cloud,2022,Journal of Manufacturing Science and Engineering,Multi-view Industrial Inspection,Surface defect identification from 3D point clouds,Synthetic aircraft fuselage surface; real precast concrete specimen,Unsupervised detection + multi-view graph CNN (MVGCN) classifier,Unknown,unknown,unknown,unknown,unknown,unknown,unknown,unknown,unknown,unknown,unknown,true,unknown,Unspecified,Unspecified,[Verified; source: abstract via OpenAlex/Crossref abstract] Two-step approach. -> Abstract combines unsupervised defect detection with a multi-view deep learning model for defect classification on 3D point clouds. | Image limitations noted. -> Abstract argues image-based methods lose depth information and are sensitive to inspection angle and lighting.,"Search group G5. Abstract-level extraction (2026-10-01). 'Multi-view' refers to the model's representation of point-cloud data; multiple physical camera views are not stated, so multi_view=Unknown."
P041,Feature-Driven Viewpoint Placement for Model-Based Surface Inspection,2020,Machine Vision and Applications,Viewpoint Planning / Active Inspection,Camera viewpoint placement for model-based optical surface inspection,3D surface models (triangular meshes),B-spline approximation with feature-driven adaptive surface sampling,Robot-mounted cameras (context),unknown,unknown,unknown,unknown,unknown,unknown,unknown,unknown,true,unknown,unknown,unknown,Unspecified,Unspecified,[Verified; source: abstract via OpenAlex/Crossref abstract] Viewpoint planning. -> Abstract determines a small number of well-placed camera viewpoints for inspection from 3D models using adaptive non-uniform surface sampling.,Search group G5. Abstract-level extraction (2026-10-01). Offline planning from CAD models; no learned defect detector.
P042,Viewpoint placement for inspection planning,2021,Machine Vision and Applications,Viewpoint Planning / Active Inspection,Evaluation of automated inspection viewpoint planning vs expert plans,Various objects,Generate-and-test viewpoint planning approaches,Unknown,unknown,unknown,unknown,unknown,unknown,unknown,unknown,unknown,true,unknown,unknown,unknown,Unspecified,Abstract notes automated plans are hard to verify and compare with lab-developed plans.,"[Verified; source: abstract via OpenAlex/Crossref abstract] Comparison with experts. -> Abstract reviews generate-and-test viewpoint planning, evaluates them on several objects and compares with expert-created plans.",Search group G5. Abstract-level extraction (2026-10-01).
P043,2M3DF: Advancing 3D Industrial Defect Detection With Multi-Perspective Multimodal Fusion Network,2025,IEEE Transactions on Circuits and Systems for Video Technology,Multi-view Industrial Inspection,3D industrial anomaly detection fusing multi-view RGB and point clouds,"MVTec3D-AD, Eyecandies","2M3DF (pretrained extractors, inter-modality fusion, multivariate Gaussian)",Unknown,unknown,unknown,unknown,unknown,unknown,unknown,unknown,unknown,true,unknown,true,unknown,Mean I-AUROC 96.6%,Unspecified,"[Verified; source: abstract via OpenAlex/Crossref abstract] Multi-view RGB fusion. -> Abstract uses features from multi-view RGB images and corresponding point clouds, fused pixel-to-point. | Result. -> Abstract reports 96.6% mean I-AUROC and real-time results.",Search group G5. Abstract-level extraction (2026-10-01). Real-time claim without latency figure in abstract.
P044,Robotic Defect Inspection with Visual and Tactile Perception for Large-Scale Components,2023,2023 IEEE/RSJ International Conference on Intelligent Robots and Systems (IROS),Active Inspection / Robotics,Two-stage visual-then-tactile defect inspection of large aerospace components,New real-world dataset of metallic defects on aerospace parts,Two-stage multimodal pipeline (vision then tactile),Robot with visual and tactile sensors,unknown,unknown,unknown,unknown,unknown,unknown,unknown,unknown,unknown,unknown,unknown,unknown,Unspecified,Unspecified,"[Verified; source: abstract via OpenAlex/Crossref abstract] Staged inspection. -> Abstract localises defects with a global visual view, then uses tactile scanning of localised areas for remaining defects. | Result. -> Abstract reports 85% of defects found in Stage I and 100% after Stage II.","Search group G5. Abstract-level extraction (2026-10-01). Second stage is tactile, not a second camera view; multi_view left Unknown."
P045,Selective Classification for Deep Neural Networks,2017,Advances in Neural Information Processing Systems 30 (NeurIPS 2017),Selective Prediction,Selective classification (reject option) with guaranteed risk,"CIFAR, ImageNet",Selective classifier built on trained DNNs,Unknown,unknown,unknown,unknown,unknown,unknown,unknown,unknown,unknown,unknown,true,unknown,unknown,2% top-5 ImageNet error guaranteed with probability 99.9% at almost 60% coverage,Unspecified,[Verified; source: abstract via OpenAlex (arXiv record) and proceedings page] Reject option with risk control. -> Abstract constructs a selective classifier that rejects instances at test time to guarantee a user-set risk level. | Result. -> Abstract reports 2% top-5 ImageNet error with 99.9% probability at almost 60% coverage.,Search group G6. Abstract-level extraction (2026-10-01). Peer-reviewed NeurIPS 2017 paper (no DOI). arXiv preprint DOI: 10.48550/arXiv.1705.08500. Venue verified via OpenAlex and the NeurIPS proceedings page.
P046,SelectiveNet: A Deep Neural Network with an Integrated Reject Option,2019,"Proceedings of the 36th International Conference on Machine Learning (ICML 2019), PMLR 97",Selective Prediction,End-to-end training of classification with integrated rejection,Several classification and regression datasets (names not in abstract),SelectiveNet,Unknown,unknown,unknown,unknown,unknown,unknown,unknown,unknown,unknown,unknown,true,unknown,unknown,Unspecified,Unspecified,"[Verified; source: abstract via OpenAlex (arXiv record) and proceedings page] Integrated reject option. -> Abstract trains classification and rejection jointly end-to-end, in contrast to thresholding a pretrained network's confidence. | Risk-coverage. -> Abstract reports improved risk-coverage trade-off over several datasets.",Search group G6. Abstract-level extraction (2026-10-01). Peer-reviewed ICML 2019 paper (no DOI). arXiv preprint DOI: 10.48550/arXiv.1901.09192. Venue verified via the PMLR proceedings page.
P047,U2D2PCB: Uncertainty-Aware Unsupervised Defect Detection on PCB Images Using Reconstructive and Discriminative Models,2024,IEEE Transactions on Instrumentation and Measurement,Uncertainty-aware Inspection,Unsupervised PCB defect detection with uncertainty estimation,Public PCB defect dataset; DeepPCB,U2D2PCB (reconstructive + discriminative U-Nets),Unknown,unknown,unknown,unknown,unknown,unknown,unknown,unknown,unknown,unknown,true,true,unknown,mAP 99.29% (PCB defect dataset); 95.78% (DeepPCB),Unspecified,[Verified; source: abstract via OpenAlex/Crossref abstract] Uncertainty evaluated. -> Abstract's discriminative sub-network segments defects and evaluates defect uncertainty. | Unsupervised training. -> Abstract trains only on defect-free images with synthetic multi-scale defects.,Search group G6. Abstract-level extraction (2026-10-01).
P048,An Uncertainty-Aware Deep Learning Model for Reliable Detection of Steel Wire Rope Defects,2024,IEEE Transactions on Reliability,Uncertainty-aware Inspection,Steel wire rope defect classification with uncertainty and OOD detection,Magnetic flux leakage signals from dedicated experimental setup,GoogLeNet with SNGP (spectral normalisation + Gaussian process),Unknown,unknown,unknown,unknown,unknown,unknown,unknown,unknown,unknown,unknown,true,unknown,unknown,Unspecified,Unspecified,[Verified; source: abstract via OpenAlex/Crossref abstract] Uncertainty module. -> Abstract integrates spectral-normalised neural Gaussian process into GoogLeNet for distance-aware uncertainty. | OOD identification. -> Abstract evaluates identification of out-of-distribution wire-rope instances.,"Search group G6. Abstract-level extraction (2026-10-01). Sensing modality is magnetic flux leakage converted to images (Gramian angular field), not camera images. Crossref issued year 2024; OpenAlex lists 2023."
P049,Epistemic and aleatoric uncertainty quantification for crack detection using a Bayesian Boundary Aware Convolutional Network,2023,Reliability Engineering & System Safety,Uncertainty-aware Inspection,Crack boundary detection with epistemic and aleatoric uncertainty,Benchmark crack datasets (names not in abstract),Bayesian Boundary-Aware Convolutional Network (B-BACN),Unknown,unknown,unknown,unknown,unknown,unknown,unknown,unknown,unknown,unknown,true,unknown,unknown,Unspecified,Unspecified,[Verified; source: abstract via Semantic Scholar] Epistemic and aleatoric UQ. -> Abstract uses Monte Carlo dropout for epistemic and Gaussian sampling for aleatoric uncertainty. | Calibration. -> Abstract reports reduced misclassification and improved calibration.,Search group G6. Abstract-level extraction (2026-10-01).
P050,Pixel-Level Anomaly Detection via Uncertainty-aware Prototypical Transformer,2022,Proceedings of the 30th ACM International Conference on Multimedia,Uncertainty-aware Anomaly Detection,Pixel-level visual anomaly detection,Five datasets (names not in abstract),Uncertainty-aware prototypical transformer (UPformer),Unknown,unknown,unknown,unknown,unknown,unknown,unknown,unknown,unknown,unknown,true,true,unknown,Unspecified,Unspecified,[Verified; source: abstract via OpenAlex/Crossref abstract] Uncertainty guides decoding. -> Abstract learns detection uncertainty distributions and uses them to guide the decoder toward uncertain areas.,Search group G6. Abstract-level extraction (2026-10-01).
P051,Uncertainty Quantification for Deep Learning in Ultrasonic Crack Characterization,2022,"IEEE Transactions on Ultrasonics, Ferroelectrics, and Frequency Control",Uncertainty-aware Inspection (NDE),Crack sizing from ultrasonic plane-wave images with UQ,Simulated (hybrid FE/ray model) and experimental ultrasonic images,CNN with deep ensembles and Monte Carlo dropout,Unknown,unknown,unknown,unknown,unknown,unknown,unknown,unknown,unknown,unknown,true,unknown,unknown,Calibration fit R: MC dropout 0.84; deep ensembles 0.95; ensembles + spectral norm + residual 0.98,Unspecified,[Verified; source: abstract via OpenAlex/Crossref abstract] UQ methods compared. -> Abstract compares deep ensembles and Monte Carlo dropout and judges UQ by calibration and OOD detection. | Finding. -> Abstract reports MC dropout performs poorly and deep ensembles improve calibration and anomaly detection.,"Search group G6. Abstract-level extraction (2026-10-01). Ultrasonic imaging modality, not optical camera."
P052,"A review of uncertainty quantification in deep learning: Techniques, applications and challenges",2021,Information Fusion,Uncertainty Quantification,Review of uncertainty quantification in deep learning,Review,"Bayesian approximation, ensemble methods and others",Unknown,unknown,unknown,unknown,unknown,unknown,unknown,unknown,unknown,unknown,true,unknown,unknown,Unspecified,Unspecified,"[Verified; source: abstract via OpenAlex/Crossref abstract] Review scope. -> Abstract reviews UQ methods in deep learning, with Bayesian approximation and ensembles as the two main families.",Search group G6. Abstract-level extraction (2026-10-01). Review.
P053,Contact Wire Support Defect Detection Using Deep Bayesian Segmentation Neural Networks and Prior Geometric Knowledge,2019,IEEE Access,Uncertainty-aware Inspection,Railway catenary contact wire support defect detection,Images from Hefei-Fuzhou high-speed railway line,Faster R-CNN + Bayesian FCN segmentation (CCSN) + geometric criteria,Unknown,unknown,unknown,unknown,unknown,unknown,unknown,unknown,unknown,unknown,true,unknown,unknown,Unspecified,Unspecified,[Verified; source: abstract via OpenAlex/Crossref abstract] MC dropout uncertainty. -> Abstract states the segmentation network evaluates model uncertainty via Monte Carlo dropout.,Search group G6. Abstract-level extraction (2026-10-01).
P054,An Uncertainty-Aware Deep Learning Framework for Defect Detection in Casting Products,2021,arXiv preprint,Uncertainty-aware Inspection,Casting product defect classification with epistemic uncertainty,Small casting image dataset (name not in abstract),"Pretrained CNN features (VGG16, ResNet50, DenseNet121, InceptionResNetV2) + ML classifiers; ensemble of MLPs for UQ",Unknown,unknown,unknown,unknown,unknown,unknown,unknown,unknown,unknown,unknown,true,unknown,unknown,Unspecified,Unspecified,[Verified; source: abstract via OpenAlex/Crossref abstract] Ensemble UQ. -> Abstract measures epistemic uncertainty with an ensemble of MLPs on features from four pretrained CNNs. | UQ evaluation. -> Abstract uses a UQ confusion matrix and uncertainty accuracy metric; VGG16-based UQ performed best.,Search group G6. Abstract-level extraction (2026-10-01). Preprint (arXiv; also posted on SSRN). No peer-reviewed version found in OpenAlex as of 2026-10-01.
