Dataset,Task,Visual_Inspection,Defect_Labels,Multi_View,Custom_Capture,Replay_Suitable,Smartphone_Suitable,Access_Status,License_Status,Primary_or_Secondary,Device,C1,C2,C3,C4,Confidence_Signal,Resource_Telemetry,Energy_Measurement,Thermal_Measurement,Decision,Evidence,Notes
Real-IAD,Multi-view industrial anomaly detection,Yes,Pixel masks; multi-view image labels,Yes (five viewing angles; search_summary),Yes (A1 recapture; smartphone realism),Yes,No (professional camera; search_summary),REQUIRES_VERIFICATION,REQUIRES_VERIFICATION (code-repo LICENSE only; data terms not established),Primary (PROVISIONAL),Not selected (REQUIRES_VERIFICATION),C1 candidate (PROVISIONAL; metrics REQUIRES EMPIRICAL BENCHMARKING),C2 candidate (PROVISIONAL; metrics REQUIRES EMPIRICAL BENCHMARKING),C3 candidate (PROVISIONAL; metrics REQUIRES EMPIRICAL BENCHMARKING),C4 candidate (PROVISIONAL; metrics REQUIRES EMPIRICAL BENCHMARKING),Temperature-scaled probability per configuration (PROVISIONAL),Software telemetry per device_requirements.md section 3 (REQUIRES_VERIFICATION on device),External reference + validated software counters; EXTERNAL-METER VALIDATION REQUIRED,Temperatures and throttling state logged separately (PROVISIONAL),POSSIBLY_SUITABLE,official_repo; search_summary; corpus_record P037,Stage 1 replay; stored views as A2 proxy
Phone-captured 3D-printed-part set,Post-print 3D-printed part inspection,Yes (by design),To be designed,Yes (by protocol),Is the custom capture,Yes,Yes (by design),To be created,Project-owned (REQUIRES_VERIFICATION for third-party parts),Secondary (PROVISIONAL),Not selected (REQUIRES_VERIFICATION),C1 candidate (PROVISIONAL; metrics REQUIRES EMPIRICAL BENCHMARKING),C2 candidate (PROVISIONAL; metrics REQUIRES EMPIRICAL BENCHMARKING),C3 candidate (PROVISIONAL; metrics REQUIRES EMPIRICAL BENCHMARKING),C4 candidate (PROVISIONAL; metrics REQUIRES EMPIRICAL BENCHMARKING),Temperature-scaled probability per configuration (PROVISIONAL),Software telemetry per device_requirements.md section 3 (REQUIRES_VERIFICATION on device),External reference + validated software counters; EXTERNAL-METER VALIDATION REQUIRED,Temperatures and throttling state logged separately (PROVISIONAL),REQUIRES_VERIFICATION,Proposed idea,Protocol only; CUSTOM SMARTPHONE CAPTURE REQUIRED for A1 and smartphone realism
MANTA,Multi-view visual-text anomaly detection (tiny objects),Yes,Pixel-level,Yes (five viewpoints; search_summary),Yes,Yes,Not established,REQUIRES_VERIFICATION,Not found,Fallback primary,Not selected (REQUIRES_VERIFICATION),C1 candidate (PROVISIONAL; metrics REQUIRES EMPIRICAL BENCHMARKING),C2 candidate (PROVISIONAL; metrics REQUIRES EMPIRICAL BENCHMARKING),C3 candidate (PROVISIONAL; metrics REQUIRES EMPIRICAL BENCHMARKING),C4 candidate (PROVISIONAL; metrics REQUIRES EMPIRICAL BENCHMARKING),Temperature-scaled probability per configuration (PROVISIONAL),Software telemetry per device_requirements.md section 3 (REQUIRES_VERIFICATION on device),External reference + validated software counters; EXTERNAL-METER VALIDATION REQUIRED,Temperatures and throttling state logged separately (PROVISIONAL),REQUIRES_VERIFICATION,search_summary; corpus_record P038,Used only if Real-IAD terms are unacceptable
VisA,Visual anomaly detection,Yes,Pixel masks; image labels,No evidence,Yes,Yes,Not established,Official repository gives an S3 URL (not accessed),CC BY 4.0 stated by official README (not verified),Replay sanity set (optional),Not selected (REQUIRES_VERIFICATION),C1 candidate (PROVISIONAL; metrics REQUIRES EMPIRICAL BENCHMARKING),C2 candidate (PROVISIONAL; metrics REQUIRES EMPIRICAL BENCHMARKING),C3 candidate (PROVISIONAL; metrics REQUIRES EMPIRICAL BENCHMARKING),C4 candidate (PROVISIONAL; metrics REQUIRES EMPIRICAL BENCHMARKING),Temperature-scaled probability per configuration (PROVISIONAL),Software telemetry per device_requirements.md section 3 (REQUIRES_VERIFICATION on device),External reference + validated software counters; EXTERNAL-METER VALIDATION REQUIRED,Temperatures and throttling state logged separately (PROVISIONAL),POSSIBLY_SUITABLE,official_repo,Single view
MVTec AD,Unsupervised anomaly detection,Yes,Pixel masks,No evidence,Yes,Yes,Not established,REQUIRES_VERIFICATION (official page blocked),CC BY-NC-SA 4.0 per search summary (not verified),Not selected,Not selected (REQUIRES_VERIFICATION),Not applicable,Not applicable,Not applicable,Not applicable,Not applicable,Not applicable,Not applicable,Not applicable,POSSIBLY_SUITABLE (replay/calibration sanity only),search_summary; corpus_record P009,Single view; defects only in test
KolektorSDD2,Surface defect detection,Yes,Masks,No,Yes,Yes,No,REQUIRES_VERIFICATION,CC BY-NC-SA 4.0 per search summary (not verified),Not selected,Not selected (REQUIRES_VERIFICATION),Not applicable,Not applicable,Not applicable,Not applicable,Not applicable,Not applicable,Not applicable,Not applicable,POSSIBLY_SUITABLE (replay only),search_summary,Single view; small positive count
MVTec 3D-AD,3D anomaly detection,Yes,Pixel masks,Not confirmed,Yes,Partly,No,REQUIRES_VERIFICATION (official page blocked),CC BY-NC-SA 4.0 per search summary (not verified),Not selected,Not selected (REQUIRES_VERIFICATION),Not applicable,Not applicable,Not applicable,Not applicable,Not applicable,Not applicable,Not applicable,Not applicable,UNSUITABLE as primary,search_summary; corpus_record P043,Main signal is 3D
Eyecandies,Multimodal anomaly detection (synthetic),Partly (synthetic),Masks,Lighting variants only,Yes,Yes,No (synthetic),REQUIRES_VERIFICATION,Research use per third-party summary (not verified),Not selected,Not selected (REQUIRES_VERIFICATION),Not applicable,Not applicable,Not applicable,Not applicable,Not applicable,Not applicable,Not applicable,Not applicable,UNSUITABLE as primary,search_summary; corpus_record P043,Synthetic rendering
DeepPCB,PCB defect detection (template/test pairs),Yes,Bounding boxes with class,No,Yes,Yes,No (linear-scan CCD),Official GitHub repository,Repo LICENSE file MIT; data terms REQUIRES_VERIFICATION,Not selected,Not selected (REQUIRES_VERIFICATION),Not applicable,Not applicable,Not applicable,Not applicable,Not applicable,Not applicable,Not applicable,Not applicable,UNSUITABLE as primary,official_repo,Artificial defects added manually (per README)
NEU-DET,Steel-surface defect classification/detection,Yes,Class labels; boxes,No,Yes,Yes,No,REQUIRES_VERIFICATION,Not found,Not selected,Not selected (REQUIRES_VERIFICATION),Not applicable,Not applicable,Not applicable,Not applicable,Not applicable,Not applicable,Not applicable,Not applicable,UNSUITABLE as primary,search_summary,No normal class; 200x200 grayscale
MMS,Cross-device micro-component anomaly detection,Yes,As reported,No,Yes,Yes,No,Not checked,Not found,Not selected,Not selected (REQUIRES_VERIFICATION),Not applicable,Not applicable,Not applicable,Not applicable,Not applicable,Not applicable,Not applicable,Not applicable,UNSUITABLE as primary,"corpus_record (TinyGLASS, Step 9.8)",Microscope / in-sensor imaging
CAXTON,3D-print extrusion-error detection,Partly (in-process),Process labels,No,Yes,Yes,No (printer-mounted),Not checked,Not found,Not selected,Not selected (REQUIRES_VERIFICATION),Not applicable,Not applicable,Not applicable,Not applicable,Not applicable,Not applicable,Not applicable,Not applicable,UNSUITABLE as primary,corpus_record P015,"In-process monitoring, not part inspection"
P016 stringing set,3D-print stringing detection,Yes,As reported,No,Yes,Yes,No,Unknown,Not found,Not selected,Not selected (REQUIRES_VERIFICATION),Not applicable,Not applicable,Not applicable,Not applicable,Not applicable,Not applicable,Not applicable,Not applicable,UNSUITABLE as primary,corpus_record P016,Small; availability unknown
P020 layer images,FDM layer-wise fault detection,Partly (in-process),Image labels,No,Yes,Yes,No (Raspberry Pi camera),Unknown,Not found,Not selected,Not selected (REQUIRES_VERIFICATION),Not applicable,Not applicable,Not applicable,Not applicable,Not applicable,Not applicable,Not applicable,Not applicable,UNSUITABLE as primary,corpus_record P020,Layer images during print
